index,label
9822,0
14362,1
16368,1
9409,0
2099,1
19687,1
16533,0
4291,0
1287,0
4500,0
18360,1
8792,0
6393,0
3304,0
15798,1
4943,0
18218,1
19472,0
10392,0
101,0
18760,0
10900,0
602,1
10088,0
16167,1
6581,0
19504,0
14280,1
9768,1
519,0
2568,1
14333,0
3155,0
5252,0
17973,1
9631,0
17613,1
11544,0
17803,1
6791,0
12543,0
10838,1
15889,1
14071,0
5334,1
16271,1
8784,0
698,0
323,0
15449,0
3679,1
6145,0
7285,0
10079,1
10772,0
9267,0
5172,0
12520,0
16875,1
10754,1
19242,1
10984,0
4566,0
10555,0
10826,0
3512,1
10539,0
16086,1
13744,0
18833,0
11893,0
8817,0
7333,0
3955,0
4265,0
12235,0
1783,0
2852,0
19205,0
16963,1
15491,1
7269,1
3293,0
2793,0
11475,0
2536,0
17802,1
19836,0
7837,0
5201,0
3985,0
15147,0
11752,0
18864,1
12823,0
1396,0
1294,0
676,0
16748,0
8289,0
11313,0
11765,0
11864,0
8675,0
6400,0
2177,0
10950,0
9134,1
15598,1
733,0
2295,0
6849,0
16012,1
1444,0
11777,0
14741,1
118,0
12065,1
11299,0
696,0
15692,0
16871,1
12384,1
19218,0
10433,1
8167,0
13263,0
12429,0
3573,0
12906,1
17429,1
11729,0
12018,0
9453,0
11553,0
880,0
9717,0
2708,0
4099,0
19682,1
16293,0
5823,1
15418,1
13113,0
19889,0
14218,0
16755,1
15600,0
10214,0
7298,0
268,0
8315,0
5182,0
18874,1
12060,0
16030,1
18631,1
4574,0
2379,0
14901,0
8587,0
14346,0
19707,0
8720,0
16136,1
1080,0
11911,1
10273,0
4403,1
543,0
3785,0
15322,0
1603,1
11586,0
16667,0
16094,1
3994,0
5158,0
269,0
10617,0
18890,1
4634,0
9884,0
11757,0
11819,0
16592,0
13669,0
15252,0
2883,0
13723,0
11886,0
13665,1
1088,0
6070,0
3996,1
3848,1
9574,0
5655,0
15643,1
19672,0
16697,1
12132,1
1713,0
13120,0
11140,0
17134,1
5298,0
713,1
2648,0
11792,0
13927,0
2681,1
4930,0
19226,0
4182,1
3134,0
1429,0
19221,1
16663,0
2377,0
15540,0
16053,0
6670,0
6361,0
19393,1
8580,0
8811,1
13719,0
7673,0
7384,0
2082,0
949,0
17505,0
19229,1
11945,1
17347,0
5153,0
5783,0
14799,1
11163,0
4108,0
17268,1
5482,0
19972,0
16055,1
4614,0
17873,1
17300,1
984,0
3936,0
11609,0
4783,0
17428,1
16858,0
4504,0
18469,0
2619,1
7541,0
2151,0
1423,0
17945,0
14038,0
9155,0
12500,0
4043,0
3698,1
16811,0
17003,1
795,1
12671,0
6408,1
1350,0
14735,0
357,0
11048,0
10901,1
4180,0
15291,1
10520,0
1781,0
470,0
6778,0
15847,0
8907,0
15867,1
2378,0
6440,0
7680,0
8364,0
3870,1
528,0
11627,1
1116,0
14719,0
19247,1
6306,0
8981,1
2318,1
8966,1
17232,1
14254,0
9609,0
7370,1
372,0
14403,1
8928,1
10579,0
15553,0
617,0
38,1
18427,1
1130,1
19323,0
1743,0
9419,1
10141,1
3239,1
7436,1
3247,0
8248,0
6789,0
11326,0
255,1
15898,0
10507,0
11889,0
6820,0
3314,0
17253,0
3227,1
8633,0
3495,1
17671,1
2439,1
3750,0
8684,0
15774,0
14574,0
2246,0
16529,0
16855,0
11262,0
6657,0
14556,0
19620,1
16942,1
12514,0
286,0
4618,0
2270,0
18703,0
2747,0
6227,0
16355,1
7191,0
15570,0
15364,1
1619,1
4153,0
11712,0
18001,0
19344,0
15714,0
6127,1
13725,0
15441,0
2554,0
15766,1
11898,1
1559,0
7405,0
12059,0
7119,0
19696,0
2541,0
10186,0
12200,0
12049,0
6917,0
16108,0
17880,1
1001,0
13002,0
12393,1
7194,1
10189,0
18584,0
2662,1
4785,0
1688,0
3966,0
11391,0
12552,0
3794,0
12391,0
10704,0
8899,1
2947,0
14877,0
11932,0
10421,0
13196,0
930,0
5769,1
6755,0
16504,0
8931,0
8975,0
18720,0
5448,0
11837,0
15771,0
14995,0
9331,0
18991,0
11879,0
10334,1
7381,0
18796,1
19290,0
1235,0
12063,0
18532,1
11166,0
1075,1
369,0
4366,1
222,0
10262,1
2495,0
10646,0
622,0
14169,1
3723,0
12611,0
19285,1
8063,0
6431,0
14297,0
10184,0
9950,1
2531,0
5446,0
19821,1
12338,0
15990,1
227,1
15149,1
19860,0
625,1
9870,0
12473,0
15597,1
12996,0
11317,1
8516,0
7218,0
10528,1
6096,0
11265,0
4155,0
12285,0
16127,1
9789,0
14307,0
9117,0
11684,0
14597,0
14000,0
4447,0
7624,0
8196,1
4788,0
14090,0
9572,0
705,1
14283,0
14404,0
18516,1
4063,1
15917,1
12413,0
14935,0
10696,0
16865,0
14191,1
3505,0
13896,0
16830,1
12842,0
10612,1
12737,0
8359,0
8188,0
14324,0
15125,0
6228,1
9231,0
8622,0
612,0
15809,0
12647,0
2400,0
436,0
933,0
645,0
14048,1
14161,1
7652,0
17271,1
10000,0
2509,0
1453,0
3463,0
475,0
13793,1
23,0
5204,1
19090,1
2287,0
19143,0
9663,0
8709,0
12412,1
13193,0
15615,1
14805,0
17984,0
6653,0
16772,1
12014,0
16899,1
19470,1
231,0
16757,1
7040,0
230,1
11842,1
6918,0
3426,0
3010,1
9455,0
12451,1
8672,1
7734,1
2201,0
18186,1
12241,0
3167,0
6978,0
4911,0
6940,0
18688,0
425,0
17844,1
14417,0
5512,0
13747,0
5900,0
1295,0
5801,0
6938,1
3385,0
4193,1
423,0
10798,0
15532,1
6654,0
16986,1
277,0
915,1
3856,0
14555,0
2193,0
19895,1
12237,0
19640,0
15015,0
5110,0
17713,0
17314,0
9915,0
8531,0
5023,1
2365,0
6652,1
16306,1
5104,0
13903,0
7463,1
13371,1
13995,0
15658,0
6477,0
73,0
9182,1
9112,1
13715,0
19200,0
13237,0
7147,1
2716,0
17384,1
9387,0
15996,0
12046,1
17645,1
9403,1
6744,0
14991,1
17883,0
13123,0
19764,1
8339,1
9836,0
11223,1
179,0
3442,0
17276,0
1863,0
18507,0
13817,1
16160,0
17133,1
3417,1
18113,0
9399,0
9665,0
15829,1
4337,0
1325,0
19573,1
18269,1
15039,1
4242,0
18185,0
142,0
3060,0
16194,0
5288,0
15024,1
13178,0
12400,1
2598,0
4442,0
4209,0
1170,0
6173,0
11747,1
18868,1
17451,1
19763,0
19084,1
14591,1
9900,0
11478,0
11365,0
8136,0
2205,0
14039,0
18977,1
14194,1
11390,1
13469,0
796,0
95,0
12712,0
5350,1
9940,0
8205,0
8492,0
9752,1
9265,1
14459,0
11952,0
84,1
15973,1
13482,0
6517,1
12345,1
17678,1
16959,1
18787,1
18456,1
13677,0
4625,0
8867,0
11279,0
3655,0
8189,0
3051,0
19496,0
1226,0
1230,0
11542,0
8414,0
13936,0
7120,0
4932,0
14921,0
7623,0
15667,0
17824,1
8651,0
6587,0
16845,0
6480,0
19927,1
8604,0
3415,0
13536,1
12456,0
17818,1
18216,0
13050,0
5647,0
7448,0
9737,0
1755,1
18462,1
7442,0
15713,0
1697,0
10525,0
8861,1
15486,1
12545,0
16414,0
484,0
12491,0
11754,0
12528,1
6788,0
7452,1
17473,1
15963,1
18170,1
16413,0
17788,1
15726,1
2225,0
16754,0
6345,0
13060,0
14312,0
453,1
10480,0
13825,0
17178,0
12346,0
11276,0
16904,0
17245,1
13764,0
671,0
507,0
6092,0
10762,0
12296,0
4088,1
11457,0
14091,0
12053,0
4025,0
8164,0
13910,0
6837,0
19144,1
14510,1
2884,1
9177,1
10538,0
18080,0
2325,0
10076,0
8828,0
2925,0
15616,1
14087,0
9559,1
19863,0
18020,0
8900,0
2552,1
9681,0
15442,0
971,0
967,1
2625,0
16512,1
4692,1
3918,0
9938,0
18839,0
4151,0
13509,0
2320,1
6249,0
14378,1
1810,0
18100,1
18928,1
9787,0
15345,1
10714,0
718,1
7142,0
18461,0
13187,1
18277,1
15411,0
15852,1
9735,0
19770,1
2311,0
9087,0
15805,0
756,0
11144,0
11721,0
972,0
1262,0
6740,1
14464,0
18628,1
11395,0
9015,1
15304,1
17847,1
14832,1
11188,0
18951,1
11486,0
2428,0
10406,0
13983,0
380,0
18942,1
730,0
18706,1
12182,0
6552,0
15711,1
15072,1
19659,0
2955,0
6176,0
4481,0
6944,0
8405,0
17952,0
8638,0
5571,0
13288,0
1718,0
5278,0
9390,0
5665,1
7361,0
10581,0
7560,0
8076,1
11923,0
11693,0
5477,0
4739,0
2501,0
17638,0
16590,0
5337,1
17981,0
15911,0
7476,0
16171,0
4214,0
19740,1
1839,1
15019,1
13023,0
249,0
18660,1
6622,0
12570,0
10098,0
11804,1
4577,0
4256,0
13028,0
12664,0
4119,0
9320,0
14232,0
13658,0
7870,0
4765,0
10237,0
7904,0
9556,0
18380,1
3709,0
7204,0
7279,0
3142,0
4455,1
16761,0
18967,1
9466,0
8031,1
2617,1
14348,0
11809,0
2032,0
15026,0
6841,0
1298,0
17910,0
11043,0
3720,0
15002,1
64,0
15507,1
7757,0
13146,0
8256,0
18090,0
17586,0
6019,0
13103,0
17879,1
9394,1
7513,0
12027,1
11338,0
18543,0
16122,1
5229,1
11633,0
12250,0
14193,0
1351,0
1469,0
6988,0
120,1
12820,0
17992,1
15663,0
10227,0
9118,1
4064,1
14032,1
10626,1
11526,0
6858,0
16747,1
17529,1
3111,1
18699,1
16396,1
3259,1
6529,1
13568,0
5127,0
638,0
162,0
2281,0
2964,0
82,0
1945,1
1438,0
5265,1
15437,0
9063,0
7392,0
16893,1
14365,0
8717,0
6676,1
12744,0
7348,0
19311,1
8007,0
16453,1
19041,1
2348,1
18431,1
10964,0
3889,0
19142,0
19300,0
17086,0
4912,0
13612,0
17319,1
15822,1
12423,1
2144,0
7264,0
1319,1
10927,0
99,1
15952,0
14609,1
16517,1
7794,1
17457,0
7365,1
6062,0
10010,0
8984,0
706,0
12663,0
5973,0
16567,1
13880,0
12980,0
2074,0
10743,1
17114,0
2045,0
15712,1
19454,1
17243,1
11599,0
4251,0
1620,1
4198,1
790,0
13169,0
7797,0
3807,1
3826,1
10251,1
7609,0
10983,0
10062,0
4654,0
17625,1
18988,0
15763,1
12629,0
16538,1
18051,0
16049,0
577,1
15520,1
5019,1
17963,1
14783,0
4667,0
8383,1
18162,1
5275,1
6857,1
19823,0
10569,0
5415,0
5226,1
16557,0
7420,0
6691,0
5742,0
18677,0
4453,0
16434,1
9957,0
16927,0
173,0
7730,0
19317,1
4565,0
11878,0
3586,0
1354,0
3221,1
3525,1
11487,0
13310,1
3323,0
1701,1
17749,1
7029,0
10009,0
8503,1
18987,0
15363,0
5809,1
10535,1
9563,0
7748,0
11004,0
12816,0
3181,0
11285,1
15016,1
14754,0
5652,0
11668,0
3424,1
15107,0
18480,1
11927,1
2782,0
6926,0
10883,0
2129,1
6004,0
9157,0
5433,0
9232,0
9158,0
18262,0
19380,0
641,1
17513,0
2647,1
18467,0
3081,0
10842,0
340,0
13362,0
6130,0
17944,1
3447,0
53,0
5800,1
1756,0
7790,0
18121,1
550,0
5848,0
13593,0
12559,0
6650,0
545,0
433,0
7626,0
1195,0
5840,1
12198,1
14992,1
1401,0
11413,0
699,0
7914,0
2759,0
11814,0
12793,0
5431,0
5824,1
8650,0
9029,0
8927,0
5946,0
3609,0
1677,0
14793,0
3422,0
1086,0
18272,1
10639,1
13859,0
8139,1
14013,0
1217,0
4887,0
15947,1
19020,0
5743,0
885,0
15905,0
6936,1
3832,0
11534,0
4434,0
3445,0
10887,0
9758,1
2292,0
17937,0
1455,0
4962,0
13397,1
15896,0
4705,0
1324,0
1722,0
18556,0
2587,0
17694,0
7906,0
6730,1
7088,0
5844,0
15747,1
4492,0
14571,0
5656,0
13824,0
210,0
4647,0
12458,0
10046,0
19139,1
19788,0
2614,0
17252,0
8459,0
11178,0
9780,0
8528,0
19885,1
8118,0
6074,0
12069,0
8162,1
2036,0
13681,0
11788,0
4580,0
6479,0
5995,0
13150,0
1801,0
7207,0
14828,0
15731,1
18579,1
11651,0
13535,0
1,1
3810,0
3473,0
14207,0
14880,1
13167,0
3787,1
10308,1
5322,0
2464,0
15691,1
6428,0
7167,0
11551,0
12572,1
16470,1
8252,0
3185,0
851,0
12722,0
17635,0
17128,1
15660,1
14327,1
14420,1
16750,1
7955,0
5517,1
13943,0
7672,0
15908,1
8947,0
10311,0
17970,0
130,0
2943,1
17411,1
19752,0
3397,0
1374,0
6250,0
9948,0
8874,0
8741,0
3836,0
11284,0
14137,0
2265,1
11017,1
11758,1
3990,1
1197,0
16358,0
12654,0
12681,0
16789,0
12220,0
1821,1
3767,0
13986,0
12971,0
338,0
2772,0
7306,0
12038,0
5240,0
19475,1
4631,0
19981,0
2609,0
10745,0
13734,0
4540,1
10113,0
5114,0
13487,0
18731,0
6196,1
10587,0
5596,0
2019,1
17977,0
16130,0
8192,0
17549,0
4398,0
13180,0
4931,1
7750,0
3298,1
12990,0
6292,1
7362,0
16011,0
10431,0
13857,0
5982,0
2031,0
18246,1
16466,1
2856,1
3858,0
6979,0
1123,0
9571,0
4212,1
9272,0
19028,1
7151,0
8856,0
5297,0
18053,0
5794,0
12229,0
5718,0
12101,0
18210,0
5128,1
14694,0
18818,1
13483,1
5376,0
9292,0
7569,0
15143,0
234,0
2054,0
15189,1
13140,0
18084,0
2462,0
18265,0
7291,0
4737,0
14164,0
14308,0
11655,0
10898,1
7610,1
8417,1
10701,0
1341,0
666,0
8945,0
9102,0
18649,1
7632,1
17498,0
1749,0
3777,0
951,0
12350,0
8381,1
16116,1
3916,0
8255,0
1145,1
3205,0
1804,0
19467,0
10687,0
6836,0
19455,0
15192,0
9812,1
13396,0
4084,0
14233,1
8178,0
17949,0
4588,1
482,0
1909,0
4225,1
16314,1
12583,0
13648,1
3413,0
14922,0
15389,0
12708,0
1672,0
15874,1
14405,0
554,0
16576,0
2788,0
17779,0
2637,0
12428,0
12320,0
5169,0
6667,0
11549,0
190,0
19542,1
7373,0
19059,0
2779,0
11857,1
15979,0
16311,1
17946,0
14431,1
15909,1
15675,0
14927,0
9850,1
14892,1
4449,1
5792,1
19379,1
5791,0
17916,0
6229,0
5533,0
11098,1
17064,0
17472,1
17953,1
458,0
1285,0
6006,1
4864,0
16235,1
9882,0
2991,0
14050,0
16309,1
737,1
2202,0
3953,1
11116,0
19578,1
16522,1
16819,1
132,0
19209,0
17781,0
9282,0
2211,0
12177,0
18238,1
16937,1
9742,0
10022,0
13495,0
4534,0
1935,0
5145,0
16701,0
6599,1
12918,0
6318,1
1263,0
8971,1
151,0
13355,0
8138,0
6963,1
7615,1
3744,0
5184,0
19743,0
301,1
8332,0
18232,1
10195,0
19667,0
3896,0
16646,1
3196,0
3611,1
12317,0
11936,0
465,0
15201,1
14842,0
10711,0
15527,0
11311,0
8365,0
11448,0
1617,0
4973,0
3592,0
19947,1
15721,0
4053,1
2055,1
7585,0
272,0
19004,1
7007,1
13921,0
6331,0
6927,0
2756,0
15007,0
18136,0
15679,0
15386,0
19405,0
15508,0
3877,0
10954,0
4245,0
15052,0
15642,1
14154,1
10511,1
12811,1
2742,0
13229,0
19936,1
17682,1
2515,0
6802,0
13398,0
6765,0
9599,0
10712,0
17743,0
8970,1
1720,1
19414,1
15934,1
7668,1
15632,1
5922,1
6465,1
17784,1
446,0
6058,0
18160,0
16786,1
14773,0
16515,1
17700,1
1763,1
16354,0
13164,0
10307,0
7330,0
10805,0
4065,1
8915,0
381,1
9400,0
2447,1
17041,0
100,1
15108,0
10394,0
18601,1
12593,0
3895,0
12251,0
7136,1
716,0
1538,0
9064,0
13952,0
14047,0
4276,0
5287,0
3851,1
16120,1
16328,1
2854,0
19869,1
14500,0
12743,0
16063,0
3157,0
17899,1
457,1
1823,0
18827,1
5378,0
3128,0
14532,0
8636,0
8137,0
8542,1
7209,0
14682,0
5432,0
4959,0
11122,0
2364,0
12010,0
15382,0
776,0
13635,1
5627,0
15021,1
786,0
19058,1
1196,0
14974,0
2272,1
9832,0
17058,0
14390,0
14217,0
9367,0
15609,0
12033,0
3907,0
13577,0
6122,1
13446,0
6869,0
16440,1
4142,0
13856,0
9241,0
13340,0
794,0
1626,0
2219,1
12313,0
18296,0
10776,0
4913,0
10847,0
13762,0
5235,0
16060,1
17582,0
9200,0
16044,0
7582,1
15607,0
18415,1
1035,0
8023,0
10436,0
11653,1
18625,1
17719,0
13034,0
1581,0
5270,0
18207,1
5822,0
10777,0
6845,0
11130,0
438,1
2106,0
7217,0
4872,0
3203,0
143,0
17928,1
11838,0
16581,0
3660,0
3707,1
13136,0
10508,0
12981,1
4102,0
544,0
14559,0
16531,1
7049,1
7588,0
534,0
13358,0
2738,1
5748,0
7418,0
11847,0
3670,1
9878,0
8799,0
398,1
17267,1
4615,0
8537,0
14617,0
17487,0
2269,0
9377,0
5034,0
78,1
5553,0
17190,1
16154,1
18734,1
12735,0
14382,0
223,0
11846,1
16629,1
12592,0
13545,0
18359,1
14180,0
10060,0
3958,0
16788,0
12992,0
3031,0
8228,0
3306,1
12580,0
1067,0
6861,0
18317,0
18377,0
11585,0
8530,0
781,0
14930,1
12955,0
4843,0
14186,0
1009,0
2591,0
15563,0
7495,1
10087,0
13138,1
17170,0
9873,1
4536,0
653,1
16084,1
9778,0
18416,0
11543,0
15584,0
16814,1
11152,0
3480,0
4934,0
9922,0
12480,0
18797,0
7654,1
8885,1
14948,1
6951,0
12374,0
17876,1
5692,0
19991,0
15256,0
4415,1
6678,0
4610,0
2734,1
3432,0
4091,0
12860,0
10819,0
17649,0
1517,1
6575,0
12209,1
5078,0
13292,0
6813,0
6273,0
5722,0
11109,0
7917,0
4392,0
15264,1
6174,0
11309,0
19604,1
12852,0
1225,1
13822,0
6435,0
1786,0
3460,0
8881,1
8187,0
19840,1
12546,0
2944,0
15096,0
12206,0
1832,0
741,0
6453,0
11373,0
9747,0
5607,1
11393,0
1301,0
9883,0
16318,1
5639,0
257,0
8036,0
12191,1
5274,0
987,0
12042,0
10166,0
5170,0
1101,0
19498,0
1969,1
207,1
17255,0
19761,1
2508,0
17280,1
10235,0
950,0
11810,0
704,1
15445,1
17716,0
13458,0
17002,0
13602,1
19410,1
16289,0
3566,0
19404,0
3082,1
5151,0
12627,0
4727,0
6206,0
15213,0
9310,0
15560,0
1265,0
11035,0
9604,0
4641,0
8990,0
9570,0
6838,0
14608,1
18259,0
18692,1
6893,0
19777,0
1918,0
7471,0
109,0
5625,0
1117,0
19733,0
7341,0
3336,1
11533,0
1715,0
2235,0
7686,1
7724,0
18341,1
7918,0
6614,0
1216,0
15100,1
7722,0
13934,0
16851,1
14570,0
11870,1
8573,0
5513,0
722,0
13389,0
1157,0
16682,1
12362,0
1615,1
9627,0
5908,0
4356,0
19069,0
1879,1
5579,0
17622,1
901,1
14552,1
16672,1
16057,0
9353,0
14839,0
12607,1
12330,0
16742,0
6908,0
3100,0
9213,0
6133,0
15782,1
6992,1
14563,0
15296,1
8172,0
6106,0
15314,0
12791,1
19553,1
1520,0
19198,0
9936,0
16762,1
15999,1
3865,0
19517,0
11120,1
5959,0
15414,0
15972,1
1399,1
17054,0
9805,1
7247,0
19499,0
7774,1
14045,0
17961,0
7735,1
1259,0
11897,0
13051,1
7850,1
11237,0
7919,1
5434,0
5282,0
2827,1
19795,0
1552,1
13519,1
2706,1
5890,0
12709,0
17557,1
11943,0
11132,0
10673,0
67,0
2874,1
1168,1
17082,0
12564,1
18949,1
12619,0
9932,0
5136,0
1143,1
13104,0
5323,0
2611,0
13377,0
5548,0
8627,0
366,0
1137,0
14174,1
19137,0
19973,0
18575,1
15698,1
7589,0
7149,0
15742,1
12057,0
4877,0
17709,0
4848,0
11521,0
1893,0
751,0
10026,0
10248,0
12258,0
8519,0
4165,1
6094,0
3999,0
6924,0
2206,1
5308,0
5063,1
6888,0
1272,0
12754,0
4613,0
7703,1
19152,1
17725,1
12773,0
17374,1
14073,0
10641,0
2334,0
19685,1
15594,1
10728,1
2001,0
16850,1
13309,0
8507,1
17440,1
17810,0
10786,0
3462,0
17653,0
5929,0
15622,0
2128,1
16001,0
1229,0
1336,0
11954,0
19575,1
8096,0
16794,0
8159,0
4730,1
19239,0
16979,0
19851,1
8690,0
11190,0
18875,0
2119,1
7497,0
19608,0
14022,0
16981,1
16219,0
19481,1
8994,0
5489,0
10811,1
18644,1
18468,0
4813,0
10467,0
13852,0
750,0
5329,0
2961,0
6933,0
17055,1
599,0
19630,0
9575,0
19965,0
9730,0
18393,0
17239,0
12745,0
9765,0
14652,0
19017,0
16978,1
9601,0
19942,0
12589,0
10945,0
3072,1
7928,0
3135,0
8575,1
14770,1
4643,0
4871,0
7371,0
18237,0
11154,0
14310,0
829,0
6448,1
10020,1
17370,1
9622,0
16683,1
658,0
12459,0
3925,0
17013,1
15208,1
16142,0
7071,0
19769,1
10123,0
5996,0
4774,0
5211,0
1056,0
945,0
14342,0
2252,0
8657,0
16863,1
4324,1
4010,0
16114,0
1460,1
16250,0
4301,0
10718,0
18433,1
17323,1
18747,1
10070,0
11856,0
13457,0
3297,0
15971,0
13499,1
13058,0
2750,1
1777,0
2089,0
5999,0
17974,0
13691,0
13125,0
4875,0
7948,0
13268,0
10405,1
10401,0
1182,0
3968,1
14576,0
2328,0
989,0
19815,1
10724,1
2575,0
2438,1
8962,0
16627,1
854,1
16092,0
336,0
4511,0
12815,0
16353,0
14101,0
15228,1
16695,0
814,1
13275,0
17416,1
19834,1
16549,0
3330,0
10469,0
17519,1
9901,0
15042,0
14278,0
18281,0
14891,0
1179,1
414,0
17909,0
1862,0
11328,0
7493,0
10863,0
18127,1
14109,0
5887,0
9727,1
9924,1
2331,1
14760,0
13145,1
10191,0
19694,0
2387,0
7358,0
17095,1
16425,1
14787,0
11168,0
12821,1
8431,1
18694,0
3904,0
16100,1
17607,0
5143,0
16634,1
7431,0
13094,0
9450,0
14687,0
13867,0
10849,0
4420,0
2503,1
6746,1
12861,0
12910,0
5790,0
18863,1
18897,1
13972,1
18002,0
3089,0
9939,0
11685,0
15207,1
5566,1
160,0
6391,0
11800,0
14410,0
6338,0
7300,0
500,0
11648,0
3507,0
15956,1
2452,0
6564,1
12092,0
4925,0
17206,0
3771,0
11918,0
6089,0
7809,0
5585,0
10715,0
3191,0
7192,0
7808,0
9123,0
15328,0
5491,0
5745,1
12695,0
7791,0
3475,0
17334,1
9504,1
13860,0
4787,0
18348,0
8836,0
894,0
5836,1
4028,0
11895,1
7324,0
8504,1
10219,1
13566,1
2171,0
6087,0
14049,1
2702,0
17640,1
7947,0
4325,0
12646,0
3348,0
3151,0
9373,0
9049,0
2184,0
1017,0
18773,0
14803,0
12554,1
17539,1
19883,0
791,0
17942,1
7026,1
2979,0
16082,0
16389,0
1084,1
8468,0
11427,0
2783,0
3025,0
17500,1
9202,0
8891,0
19560,0
9181,1
8738,0
18562,1
11835,0
9153,1
7478,0
678,1
8613,0
7927,1
13777,0
16991,0
17619,1
18986,1
15768,0
3824,1
14619,0
11630,0
16726,1
12937,1
858,0
5313,1
5046,0
14020,1
8877,0
6947,1
16914,0
19135,0
18038,1
16264,1
5525,0
3978,1
8676,1
11208,0
14778,0
4009,0
6347,0
11205,0
3842,1
12041,0
17642,0
15251,1
1209,0
1091,0
7964,0
17481,0
17871,1
2120,0
5406,1
5301,0
13576,0
17706,1
9639,0
19668,1
15623,0
12337,0
5017,0
6895,0
2978,0
6095,0
11583,0
6526,1
10657,0
4978,0
10492,1
12039,1
775,0
13618,1
4320,1
1256,0
13000,0
12988,0
4685,1
9630,0
16018,0
7954,1
10383,0
5138,0
6246,0
14131,0
1843,1
18287,0
7037,1
19602,1
3812,0
16131,0
6732,0
13639,0
8450,1
2861,0
11015,0
8107,0
6790,0
1834,0
7720,0
11268,0
18441,1
2824,0
16940,1
9362,1
7912,0
17840,0
5910,0
10688,0
10074,0
1361,0
19841,1
10686,1
16903,1
7611,1
14895,0
18301,1
18391,0
8269,0
7369,0
5522,0
10845,0
152,1
14355,1
18907,1
12615,0
12896,1
12623,0
12170,0
4966,0
4748,0
1027,0
17922,0
3521,0
7949,0
2051,0
3784,0
14897,1
13188,1
837,0
14704,0
685,0
12604,0
9946,0
9554,0
11018,1
4757,0
8295,0
2319,0
1233,0
2792,0
206,0
15469,1
5445,0
2425,0
14840,0
15844,0
11483,0
6433,0
5142,0
4914,0
16960,1
12135,1
12202,0
14934,0
8154,0
15387,0
899,0
12305,0
18050,1
13679,0
11330,0
9626,0
14579,0
2983,0
4109,1
15891,1
12569,0
10532,0
3129,0
6312,0
7470,1
17835,0
17814,1
12371,0
17221,0
15577,0
51,0
18932,1
3327,0
18754,1
17850,1
18319,1
1464,0
14730,0
3721,1
8582,0
2230,0
14902,0
13906,0
16310,0
7447,0
479,1
13338,0
19286,0
5086,0
4807,0
14909,0
471,0
2923,0
1988,0
19570,0
10822,0
3808,0
2849,1
4080,0
7527,1
17249,0
12024,1
5013,1
1105,1
12661,0
4642,1
17106,1
18058,0
1120,0
10808,1
12281,1
13272,0
12329,0
2369,0
18047,0
2476,0
7094,0
523,0
7798,0
4563,0
5861,0
7909,0
16992,1
19880,0
5530,1
9004,1
12304,1
8522,0
7925,0
293,0
12668,0
13135,0
2143,0
6452,0
6762,1
6851,1
3631,1
15225,1
11808,0
18865,1
10751,0
11002,0
9529,1
18695,0
10412,0
15922,0
14061,0
6850,0
17422,1
8937,0
9791,0
4665,0
4831,0
9317,1
5552,0
19367,0
280,1
16713,0
1887,1
3028,1
10124,0
1794,1
14074,1
18169,0
16527,0
2415,0
610,1
17215,0
19745,1
5964,0
1892,0
9191,1
9641,0
14313,0
13224,0
925,0
11513,1
1813,0
422,0
18143,0
4938,0
18064,1
264,0
5569,0
8938,0
8873,0
18104,0
19631,1
8457,0
6383,0
8786,1
3454,0
11490,0
3584,0
10400,1
13475,1
2912,1
16119,0
3054,1
19368,1
19702,0
13056,0
4347,0
15926,1
14325,0
17029,0
6736,1
15381,1
16204,1
5389,0
14247,0
13975,0
13757,0
7518,0
19953,1
12864,1
18370,1
10269,1
15014,0
7316,0
5726,1
481,0
8859,0
10268,0
15302,0
8444,0
9349,0
4131,0
7578,0
3979,0
4842,0
16056,0
14482,0
11494,0
5876,0
6384,1
3008,0
15158,0
14718,1
10072,1
2857,0
18658,0
16486,1
12289,0
17345,0
16920,1
8597,1
11686,0
5529,0
10015,0
17491,0
5956,0
9528,1
6800,1
17584,1
4304,0
8176,0
9997,1
15271,1
12228,0
8058,0
628,1
5870,0
896,0
14980,0
18495,0
9546,0
17417,0
13981,0
798,0
15812,1
6379,0
13855,1
17048,1
4719,1
13067,0
19935,0
4800,0
15753,1
6569,0
5320,0
9515,0
7891,1
7303,0
9378,0
5814,0
13194,0
18190,0
5426,0
12314,0
16933,0
5671,1
1577,1
1816,1
15097,0
15435,1
11973,0
9711,1
8421,1
8963,0
10917,1
7510,1
16079,0
14953,0
2705,0
11711,0
624,0
1561,0
4503,0
12112,0
3449,1
15519,1
9047,0
14521,0
7276,0
12675,0
7683,0
18840,1
6515,0
80,0
1022,0
10966,0
14389,0
9478,0
884,0
4367,1
16477,1
8215,0
806,0
15040,0
9539,0
9998,1
3899,1
8579,0
9987,0
6777,1
2111,1
15870,1
14519,0
8725,0
11612,0
7383,0
11021,0
1742,0
7232,1
12403,0
745,0
17884,0
19723,1
5523,0
12496,0
2072,0
1765,0
6524,1
15767,1
4629,0
14030,1
9048,0
7816,0
15374,0
3538,0
15988,0
18672,1
2261,0
7738,1
1712,1
16885,0
1522,0
10755,0
1975,0
15533,1
10063,1
2081,1
17750,0
8299,0
7676,0
1355,0
18687,0
4071,0
9820,0
12311,0
7697,0
12541,0
6050,1
11801,0
2065,0
7351,0
15159,1
18096,0
13572,0
1595,0
4163,0
15229,0
13818,0
3952,1
5933,0
16405,1
13714,1
19096,0
1122,1
5299,0
8704,0
4229,0
18535,1
10188,0
13153,0
8658,0
5011,0
14972,0
7169,0
13950,1
3515,0
5901,1
15678,0
9669,0
10828,0
15253,1
14779,0
18500,0
18674,1
9301,0
11357,0
15544,1
15604,1
16561,0
4174,0
166,0
18183,1
3542,0
7956,0
5572,0
119,1
14637,0
2416,0
513,0
4363,0
13966,0
11209,0
16673,1
8278,0
13838,0
11860,0
2946,0
11183,0
13911,0
19487,0
3109,1
18564,0
17561,1
18465,0
11794,0
19291,0
4742,1
9502,0
12475,0
17172,1
9562,0
7096,0
8382,0
15101,0
18999,0
879,0
12993,0
7002,0
548,0
4124,0
12518,0
15670,1
13721,1
16419,1
10031,0
8160,0
9813,0
15245,1
183,0
2936,0
6930,0
16035,1
12210,1
10800,0
11461,0
2731,1
9673,0
5030,0
14306,0
3932,0
3084,0
11424,0
9256,0
11332,1
16619,0
17092,0
19215,1
19047,1
6024,0
2487,0
5845,1
274,0
7359,1
10599,0
9951,0
10957,1
3491,0
584,1
18072,0
19187,1
9704,0
18654,0
5702,0
18129,0
3295,0
6013,0
6268,0
4384,0
13011,0
9071,0
16449,1
15868,0
14015,0
14841,1
15399,0
9161,0
10422,0
11750,0
13181,0
7428,1
1172,1
9555,0
13220,0
7551,1
1494,0
11882,1
13027,1
9119,0
18558,1
8175,1
13806,0
9359,1
9552,0
2279,0
7146,1
491,0
18817,0
1210,0
10230,1
16104,0
8545,1
2804,0
9837,0
17484,1
7522,0
10198,0
9596,0
10491,0
621,0
11189,1
5391,0
8115,0
13671,0
3213,0
10938,0
12452,0
6021,1
16062,1
19913,0
14081,1
6859,0
6990,1
5741,0
14,0
18831,1
5294,0
9989,0
5636,0
14072,0
18407,1
16373,1
8371,0
17896,0
16928,0
12887,1
14558,0
11906,0
4599,0
9914,0
11689,0
7930,0
3169,1
7201,0
19167,0
18046,0
12203,0
15603,1
8101,0
6242,0
10973,1
16584,1
1822,0
9135,0
10082,0
16756,1
11358,0
19107,0
8689,1
17109,0
11430,0
10969,0
14920,0
7554,0
4799,0
11066,1
13749,1
18717,1
1554,1
18111,1
6180,0
18557,1
8576,0
5339,0
5480,1
9981,0
18602,1
9381,0
16381,0
18068,1
18034,0
6596,1
467,0
9014,0
16407,0
633,1
14162,1
3206,0
3976,0
3133,0
18800,0
979,0
6489,0
8998,1
17503,0
17008,1
16892,1
5657,0
2960,0
3441,1
12256,0
16936,0
2787,0
8640,0
1998,0
2627,1
4349,0
19000,0
712,0
15260,1
13996,0
9510,0
12426,1
9628,0
8619,0
9661,0
10909,0
5494,0
6002,0
11541,1
9250,1
12015,0
6618,0
5137,0
9192,0
14262,0
11944,0
2102,0
15175,1
17578,1
6721,1
17962,1
14453,0
8135,0
9062,0
307,1
5526,0
802,0
5225,0
2973,0
10218,0
15729,1
13092,0
4946,0
3360,0
6168,0
4502,0
5400,0
18219,1
14252,0
1528,0
6607,0
17184,0
17987,1
13139,0
1053,1
14221,0
3007,0
3270,0
18383,0
12476,0
14680,0
15049,1
14834,0
697,1
19654,1
12001,0
3312,0
11661,0
17073,0
7325,0
9761,1
9848,0
1658,0
1952,0
19436,0
7550,1
9672,0
2784,0
1641,0
15258,0
643,1
8772,0
15246,0
7068,0
2199,0
19695,0
13516,0
16255,1
4903,0
1061,0
19385,1
11859,0
226,0
12872,0
12976,0
9814,0
16164,0
12190,0
16106,1
15817,1
7780,0
6211,0
497,0
15846,1
15050,0
4465,0
3377,0
15556,1
19211,0
627,0
4770,0
15656,1
14662,0
16422,0
17097,1
2138,1
8806,1
2053,0
5837,1
12970,0
17600,1
13894,0
19223,1
18785,1
9366,0
4708,0
15709,1
10561,1
12323,0
14303,0
852,1
19532,0
13663,0
17783,0
344,1
9676,0
2950,0
3273,0
667,0
11569,0
444,1
9179,1
15413,1
15673,0
3662,1
19249,0
1747,0
14380,0
9338,1
14666,0
4605,0
18258,1
13851,0
11170,1
14411,1
17760,1
17465,1
10575,0
10986,0
12680,0
1534,0
13044,0
14898,1
14820,1
14940,0
2351,0
6072,0
5077,0
7731,0
505,0
1400,0
4859,0
270,1
18369,1
17101,1
10105,1
18737,1
14791,0
19210,1
13937,0
3328,0
14984,0
11960,0
9028,0
4030,0
1489,0
13258,0
11396,0
10894,0
17535,0
10241,0
13413,0
768,0
19347,0
13510,0
11502,0
3749,1
17662,0
47,1
16655,1
15267,0
2659,0
8699,0
13035,0
5075,0
3124,0
193,0
1410,0
11656,1
16178,0
1896,0
4839,1
12645,1
16252,1
12927,0
12786,0
19605,1
1383,0
8976,0
13514,0
406,0
8319,0
18533,1
11699,0
2442,0
13095,1
13497,0
11525,1
19961,0
3741,1
10888,0
7987,0
16574,0
1530,0
17262,0
4164,1
12427,0
3263,1
14729,0
3930,0
13849,0
19567,0
11273,0
11658,0
4281,0
3381,0
12560,0
10354,1
15964,0
7129,0
3140,0
1681,0
1333,1
18133,0
12635,0
6299,1
10522,0
1750,0
8655,0
8594,0
4828,1
11075,0
15739,1
4021,0
7157,0
16606,1
14522,0
19979,1
19538,1
3349,0
6348,1
18576,0
8812,0
6628,0
5485,1
4922,0
8158,0
13278,0
7005,0
15940,1
10438,0
17968,0
16112,0
15131,0
10596,0
15539,0
5763,0
6286,1
9183,1
11005,0
17470,1
846,0
11890,0
14611,0
1878,0
3869,0
16939,1
215,0
16246,1
16828,1
13736,0
281,0
19527,1
8667,0
1190,0
19985,0
8780,0
3067,0
831,0
677,0
2073,1
6446,0
9662,0
14002,0
18759,0
298,0
18357,1
9935,0
1187,0
19074,1
12290,0
1113,0
4587,0
17551,1
17516,0
18167,0
15439,0
1710,0
11106,1
8762,1
5087,1
7432,0
664,0
5062,0
15557,0
17737,0
3550,1
1322,0
15511,0
15393,1
2247,0
11463,1
8439,1
19715,1
434,1
11441,0
18519,0
17983,1
13830,0
3714,0
12601,0
3563,0
17650,0
10779,0
9452,0
1811,0
16319,0
13090,0
1957,1
13005,0
4388,0
2326,1
12419,0
16717,0
11983,1
19350,1
66,0
8746,0
7322,1
9536,1
7773,0
16303,1
6679,1
2152,0
2217,0
2220,0
16290,1
17595,1
3766,0
19267,1
9972,0
14318,0
3256,0
7737,0
8132,0
2663,0
13133,1
5130,0
18235,0
1381,0
15543,1
16291,0
14705,1
43,0
13534,0
2338,0
11187,1
10148,1
5650,1
1700,0
12828,0
12402,0
12703,1
7080,0
6665,0
891,1
6696,0
16469,1
2632,1
456,0
14856,0
5878,0
18778,1
5470,0
15589,1
6429,0
16202,0
11322,0
7776,0
1499,1
5537,0
11063,0
3809,0
16445,1
13758,0
5233,0
17718,0
15887,0
9090,1
11827,0
12181,1
1842,1
9239,0
2063,1
6688,0
8454,0
4957,0
2157,1
123,0
16719,0
3768,0
108,0
4121,1
797,0
8273,1
9784,0
3261,0
3130,0
7758,0
10153,1
3174,0
4312,0
16824,1
4461,0
12486,0
4878,1
2746,0
18332,1
18097,1
6847,0
1837,1
10386,0
12128,1
12832,1
11220,0
19088,0
10620,0
18457,0
9919,0
9441,0
4456,1
19422,1
11431,0
8977,0
40,0
439,0
8543,1
19508,1
7890,0
19034,1
3894,0
7711,0
19699,1
11789,0
18806,1
18475,1
11343,0
15398,1
14237,0
11511,0
14369,0
6354,0
3770,0
1095,0
2431,0
19775,1
8309,0
15548,1
4373,1
3854,0
15146,1
9254,0
5140,0
11337,0
5010,0
14838,0
16172,0
11713,0
16183,0
14463,0
644,0
6931,1
5681,0
11786,1
6666,0
17684,0
13332,0
13718,0
16910,0
6819,0
6034,0
14277,0
13244,1
10358,0
3498,1
6886,0
8035,0
1339,1
15652,0
18950,1
19911,1
4261,0
1647,0
19476,0
2958,1
4984,0
5830,0
15526,1
2726,1
13303,0
11770,0
5624,0
1574,1
15501,0
14419,0
8803,1
1098,0
11581,0
3736,0
18710,1
18070,1
18790,0
5073,0
6693,1
10736,0
8222,0
16410,1
10693,0
1706,0
228,0
6295,0
133,1
11803,0
17989,0
19758,0
7213,0
5826,0
13480,0
14883,0
16934,0
11831,1
7646,0
6965,1
9098,0
17485,1
79,0
3957,1
15376,0
1987,0
4497,0
15735,0
11939,0
11598,1
8064,1
10030,0
14660,0
10140,0
6865,0
13114,0
14993,1
18600,1
14223,0
8467,0
14334,0
12324,1
5820,1
16572,0
18684,0
5947,1
176,0
17921,0
3981,0
2169,0
2135,0
13339,0
8698,0
16256,0
2904,0
8217,0
1844,1
11807,0
3578,1
12931,0
4490,0
5181,1
6302,1
4923,1
8099,1
17186,0
10175,1
3318,1
19356,1
18423,0
11221,0
2752,0
15730,1
16556,1
19027,1
11203,0
12488,0
16987,1
1417,0
15612,0
5949,0
10032,0
15122,0
7533,0
8793,0
19678,0
2601,0
3857,1
17330,0
538,0
4175,0
7708,0
7098,0
10500,0
17527,1
13419,0
6616,0
16326,1
16460,0
18681,0
1636,0
18346,1
11636,0
9530,0
7669,0
652,0
12492,0
9260,1
17830,0
14111,0
3616,0
14711,0
16886,1
2769,1
11340,0
13052,0
9635,0
9109,0
16069,0
8747,1
7834,1
8464,1
2383,0
1448,1
2137,0
17720,1
11913,0
6519,0
10882,1
5600,0
10982,1
6669,0
3956,0
11034,0
8438,0
14261,0
10852,1
16284,0
5115,0
2864,0
17072,1
2435,0
10935,0
9551,0
17203,1
12504,0
11347,0
10463,0
19363,1
7401,0
12822,0
14033,0
14178,0
7211,0
238,0
18623,0
3015,1
19060,1
16656,0
18573,0
4863,0
590,1
6648,0
5570,0
3901,0
14006,0
1655,0
3667,1
10994,0
17385,1
16398,1
5661,0
8512,0
8631,0
9125,0
3456,0
889,0
6890,1
3737,0
2828,0
11477,0
17233,0
2512,0
17624,0
5613,0
18740,1
19619,1
4976,0
12000,0
10377,0
8429,0
11812,0
14236,0
2066,0
1306,0
10843,0
805,0
8015,0
16565,1
6943,1
11572,1
7991,0
19721,1
17166,1
5016,0
14669,0
9659,0
10201,0
17672,1
12145,0
16946,0
10128,0
10519,0
16426,1
15176,1
7944,0
1007,0
11383,0
11077,0
4330,1
18779,1
15592,1
1644,0
12012,0
9386,0
15514,1
18826,1
13406,0
19184,1
11233,0
16024,0
4649,0
14250,0
16467,1
2948,1
1960,0
1557,1
4122,1
15693,1
7866,0
292,0
188,1
18788,0
2451,0
3780,0
11350,0
7181,0
7655,0
6488,0
12866,1
15335,1
12890,0
3006,1
9437,0
89,0
15664,1
16004,0
4132,0
5435,0
18793,1
7648,1
19559,1
13216,0
6239,0
12245,0
7251,0
2565,0
4758,1
1025,0
7281,0
801,0
9615,1
19582,0
12617,1
13753,0
17418,0
10136,0
19263,0
11479,0
13609,1
5188,1
8123,0
8344,0
13596,0
19445,0
17207,0
8623,0
6731,0
14485,0
10058,0
16375,1
6973,0
6332,1
15611,1
4260,0
5250,1
9495,0
16594,1
7481,0
7514,0
13532,0
13075,0
17299,0
17936,1
14295,0
19153,1
13733,0
7802,0
2110,0
18290,0
4364,0
6719,1
8341,1
13261,0
12835,0
2683,1
12267,1
5708,0
6064,0
9581,1
8703,1
177,1
8460,0
14739,0
1288,1
957,0
7818,0
3722,0
2551,0
1480,0
7302,0
17000,0
7804,0
11425,0
15516,1
15975,1
7542,0
10444,0
9781,0
7076,0
10832,0
10574,0
2736,0
9716,0
8238,0
2717,0
19896,1
18243,1
16599,0
4007,0
9309,0
14612,0
6781,0
15921,1
16563,1
14231,1
11161,0
7690,0
12160,0
14756,1
19329,1
3593,0
13466,0
15077,1
16922,1
2653,0
12649,0
18223,0
13030,0
10138,1
5693,0
7903,0
4661,0
11387,0
1869,0
6547,1
6025,1
1875,0
6160,0
5483,1
17006,1
11429,0
14638,1
16446,0
19870,0
9584,0
1380,0
4411,1
9275,0
998,0
7422,0
15292,1
17448,0
7728,0
16218,1
10536,0
12207,0
8471,0
8693,1
8343,1
16724,1
5052,0
10589,1
7556,1
5388,0
2485,0
574,0
9433,0
17438,1
956,0
2665,1
1405,0
14156,0
9866,0
2154,0
5716,0
2835,0
16129,0
11692,0
19208,0
18003,0
14960,0
14720,1
1375,0
11667,1
7727,0
4243,1
16226,0
1004,0
7016,0
11959,0
5315,0
3362,0
11647,0
18837,1
19265,0
10256,1
12831,1
7412,1
7814,1
1563,0
4755,0
11538,0
1083,0
13835,0
19082,1
7125,1
13990,0
11672,1
9720,0
15012,1
14018,1
17328,0
8771,0
17846,1
4430,1
1885,0
15569,1
10271,0
18443,1
13944,0
2684,0
6472,0
5535,1
2751,0
11371,1
5085,1
6786,0
2918,0
7108,0
6373,1
3876,0
1111,1
12509,0
17550,1
18010,0
13452,0
15454,1
16247,0
17219,1
18093,0
3700,0
9342,0
4115,0
13970,0
6169,0
14798,0
5008,1
6314,0
12826,0
7477,0
5924,1
14987,1
12126,1
16554,0
9312,0
10236,0
9031,0
17856,0
3728,0
8174,0
2187,0
10255,0
10531,0
5178,0
18920,0
9079,0
16705,1
12776,0
9296,1
356,1
17705,1
514,0
5938,0
5266,1
961,0
15659,1
4578,1
7434,0
9019,0
9033,0
3131,0
13435,0
3286,0
5724,0
383,0
10504,0
8011,0
4743,0
2538,0
2866,0
2150,0
19123,1
11236,0
3395,1
4740,0
17815,1
16816,0
17560,0
16254,1
10465,1
17189,1
12598,0
6880,0
10630,1
9830,0
5121,1
17156,1
13440,0
17407,0
6760,0
9230,0
11657,0
13858,1
13333,1
1385,0
3898,0
19373,0
13042,1
17597,0
11397,0
18647,1
2309,0
6351,0
7629,0
9560,0
10598,1
3486,1
14670,0
9005,1
12124,0
9396,0
10881,0
18260,0
12360,0
10773,0
2670,0
18134,1
14132,1
9973,0
3510,0
11423,0
688,1
13494,0
5273,0
9233,1
17677,1
2760,0
16455,1
5732,0
19581,1
15552,1
2335,0
16560,0
15255,1
16913,0
3367,0
294,1
3321,1
18885,0
5207,1
17892,0
17976,1
2426,0
4341,0
18146,1
8020,0
3484,0
7304,0
9318,0
5831,0
12100,0
5987,0
15471,1
5179,0
4381,1
3853,0
15473,0
14875,0
17173,1
5532,0
7819,0
10014,0
10285,1
18408,1
12070,0
14042,0
9131,1
17695,0
12846,1
11074,0
14750,0
12877,0
18460,0
18196,0
596,0
19299,0
8147,0
19039,1
6722,0
1160,0
5411,0
6225,0
15701,1
4675,0
5586,0
18836,0
9580,0
13782,0
4927,0
7693,1
13217,1
18582,1
2395,1
1849,1
18768,1
17528,0
8021,1
5958,0
7871,0
16148,0
11134,0
3369,0
8250,0
14208,0
6671,0
1367,0
2473,0
7939,0
10348,1
6461,1
1698,0
17697,0
3079,0
1982,0
17579,1
6300,0
19430,0
10941,0
3582,1
18561,1
3278,0
8001,0
13920,0
7409,1
19330,1
15218,1
11631,0
3614,0
11419,0
3724,0
9206,0
3354,0
6415,0
8410,1
7121,0
18735,0
11614,0
5582,0
3194,0
15262,1
16257,0
14618,0
11916,0
18318,1
14149,0
11552,0
839,0
18944,0
11295,0
9194,0
648,0
15848,0
18866,0
3629,0
5773,0
15863,0
17832,0
16312,1
8442,0
12964,1
19561,1
14546,0
5385,1
7877,0
18521,1
3216,0
2083,0
19779,0
15804,1
15894,0
14489,0
16260,0
6856,0
1971,1
4985,0
17849,0
10919,0
7229,1
16589,1
15902,1
17169,1
4467,1
1224,0
13993,0
2920,0
12159,1
4756,1
15220,0
8408,1
8914,0
1820,0
3358,0
16494,0
15431,1
1803,0
6114,0
6403,0
3998,0
13448,0
16443,1
18151,1
7721,1
14309,0
8777,0
9401,0
19648,0
1393,0
17667,0
18137,1
1215,0
18620,0
15987,1
5519,0
348,0
19236,0
2926,0
6170,0
13657,0
12268,0
126,0
7540,0
13594,1
3103,1
11113,0
8050,0
2194,0
16817,1
6091,1
19503,1
15234,1
1274,0
4745,0
17605,0
11681,0
15914,1
13904,0
3164,1
16514,1
16352,1
8839,0
9612,0
701,1
2710,0
11813,1
8980,0
10460,0
12114,1
15893,1
15634,1
4854,1
3020,0
17567,0
8041,0
7581,0
15270,1
8010,0
6773,0
5232,0
18418,0
8197,1
10395,0
19219,1
4060,0
17015,0
9583,1
12768,0
14712,0
9445,1
10827,1
4066,0
12943,1
5916,0
18012,1
19628,0
15576,0
7105,0
3568,0
9218,0
19396,0
8532,1
5463,1
9415,1
2223,0
15426,1
14938,0
2433,1
2579,1
8005,0
8055,0
13874,0
14282,0
2023,0
15206,1
8514,0
17126,0
11293,0
10420,0
17740,0
9084,0
13828,0
9509,1
19655,0
5469,0
9843,0
16982,1
13232,0
8038,0
18517,1
16980,1
5565,0
3690,0
3458,0
15450,1
16412,1
4201,0
2741,0
4235,1
8180,0
284,0
17246,1
12925,0
13564,1
6287,0
11416,0
18239,1
16651,1
17902,0
547,0
12591,0
10948,0
2603,0
13731,0
19371,0
1666,0
18894,1
3411,0
19835,1
6073,0
6288,0
15506,1
7485,0
17601,1
17031,0
19839,0
7020,0
2886,0
7266,0
12655,1
1576,0
9361,0
19130,1
9406,0
12279,0
16555,1
2985,0
3735,1
2868,0
7753,0
5821,1
6536,0
211,1
12431,0
3289,0
799,0
11970,0
15062,1
10807,0
5609,0
9975,0
5345,1
11930,1
7515,0
16408,0
12483,0
14683,0
16137,0
16945,0
18015,1
9164,1
9156,1
2293,0
7634,0
3092,1
11948,0
13759,0
11278,1
1175,0
16548,0
2661,0
1857,1
7296,1
2105,0
7042,0
11531,0
13160,0
6629,0
4494,0
17785,1
13037,1
11334,0
8951,1
8840,0
1021,0
18934,0
15986,0
19092,0
10247,0
13628,0
6203,1
18213,1
2095,0
11834,1
10206,1
15983,0
9753,1
11745,0
12612,1
12425,1
9435,0
6110,0
8896,0
6205,0
8292,0
15244,0
18634,0
15997,0
3754,0
16988,1
10622,0
8070,0
8024,0
2165,0
4120,1
12876,0
16159,0
15885,0
19369,1
16174,0
9908,1
14065,0
10309,0
5960,1
7059,1
11409,1
2853,0
6450,1
3439,0
335,0
11232,0
2711,0
15884,1
4611,0
2275,0
2546,1
4118,1
10457,1
6661,1
5980,0
14733,0
4448,0
9214,0
8727,0
7416,0
1728,1
17664,0
8745,0
860,0
16891,0
13582,0
14440,1
10831,1
3831,0
11245,0
7718,0
12542,0
3291,1
3501,0
2466,0
5539,0
11596,0
9682,0
1094,0
440,1
6035,0
6325,0
19272,1
1293,0
10787,0
17142,1
5605,0
13546,0
13697,0
7083,1
18624,0
4112,1
18537,1
19666,1
5563,1
1220,1
19179,1
18795,1
6181,0
13565,0
13521,0
3910,0
17583,0
16185,1
7187,0
5528,0
3001,0
8126,1
10562,1
8664,0
5456,0
10111,0
19157,1
17509,0
18621,0
2600,0
7400,0
17826,1
4636,0
16169,1
9072,0
8204,0
2942,0
12878,1
8992,0
7257,0
1327,0
2021,0
16732,1
18981,0
1560,1
17541,0
6163,0
729,0
12987,0
32,1
1450,0
14818,0
10577,1
16905,0
19585,1
13743,0
16002,0
12587,0
14698,0
15743,0
13968,1
447,0
9593,0
16743,0
9022,0
19301,1
17701,0
1814,0
17943,1
5416,1
11142,1
5904,0
15240,1
5736,1
15740,0
15132,1
2347,0
1591,0
4493,0
15069,0
7970,0
1690,0
17761,0
12445,0
7085,1
2901,0
3166,0
2952,1
19071,0
1036,0
11965,0
13638,0
15965,1
4846,0
39,1
18971,1
15031,1
1203,0
19428,1
4865,0
14152,0
7496,0
7801,0
267,1
8888,0
11597,1
1070,1
16308,1
11741,0
7286,1
9234,0
1326,0
15602,1
9497,0
3037,0
10848,0
4640,0
12967,0
15156,0
4410,0
17116,0
19958,1
10425,0
2774,1
13868,0
3249,0
2903,0
10916,0
15578,1
19063,0
2922,0
1471,0
10702,0
6733,1
4542,0
3935,1
6707,0
13570,1
1593,0
19486,0
6894,0
9592,0
4162,0
17521,1
2114,1
8124,1
6264,1
4197,0
15710,0
327,0
9956,0
19610,1
3619,0
1799,1
17906,1
9393,0
13280,0
19257,0
13142,1
15715,1
11823,0
7671,0
3533,1
3760,1
4488,0
15821,0
4969,0
10350,0
10064,0
12383,1
16431,1
7946,0
4926,0
7827,1
9149,0
2029,1
17130,1
12091,1
17685,0
2557,0
18665,1
2058,0
17587,0
4841,0
451,0
19502,0
17195,1
11400,0
5825,1
15433,1
3474,0
6697,0
9700,0
11995,0
19545,0
3576,0
12566,0
2867,0
18256,1
19505,0
8286,0
10583,1
13366,1
4666,0
1866,0
7367,1
19171,1
8165,1
16911,0
9794,0
8268,0
18358,0
970,0
2127,0
19971,1
19902,1
9358,0
2921,0
13029,0
8032,0
10490,0
17229,0
11422,0
7161,0
5002,1
13386,0
16077,1
15138,1
11119,0
6075,0
13411,0
17776,0
16472,1
11296,0
13666,1
2533,0
18789,0
13344,0
10642,1
3403,0
8668,0
17122,1
9754,0
4707,1
10735,1
13913,0
3365,0
5067,0
12527,1
12,0
15415,0
2638,1
9658,0
15759,1
7177,0
15825,0
12755,0
18698,0
14738,0
6487,0
473,0
18609,0
8925,1
419,0
5380,0
594,0
15770,0
8179,0
15530,0
7205,1
18029,0
17327,1
19052,1
7591,0
18766,0
9616,0
14899,0
16070,1
1162,0
4452,0
14321,0
1664,1
15455,0
9690,0
13687,0
14876,1
10897,0
11294,0
16186,0
13380,0
8578,0
16507,0
14316,0
995,0
9142,1
11377,0
7379,0
3772,0
10145,0
3878,0
16123,0
5993,1
16444,1
18420,1
144,1
1441,1
17715,1
17674,1
985,1
16955,1
18998,1
15254,1
12595,0
18366,0
4371,0
16534,0
2930,0
16521,1
10651,0
12642,0
9165,0
728,0
15054,1
7915,0
19146,0
10614,0
6140,0
1456,0
9714,0
18024,0
18810,1
3859,0
15188,1
2876,1
9839,0
3184,1
10345,1
6684,0
6340,0
11584,0
869,0
4483,1
1917,1
6580,0
19005,1
15555,1
7033,1
10866,1
17522,1
4234,0
16456,0
4635,0
6658,0
8057,0
1501,0
7174,1
1127,0
7166,0
19490,0
8245,1
717,0
9082,0
17654,0
10558,0
12494,0
6514,0
9442,1
8726,0
6390,0
7717,0
7637,1
965,0
8837,0
15274,1
1614,0
10220,0
16947,1
5417,0
15779,1
5843,0
15754,0
8835,0
14767,1
19933,1
379,0
8729,0
3024,0
5662,0
6796,0
14023,0
5932,1
6303,0
174,1
16083,0
8659,0
17176,1
15092,1
19186,0
8997,0
11359,0
11682,1
14054,0
14970,1
7659,0
16950,0
10008,0
19771,0
14506,1
7288,0
6309,1
8297,1
7254,0
11316,1
501,0
6920,1
19893,1
14114,1
5737,0
6913,0
16597,0
8871,1
4784,0
13267,1
5747,0
3391,0
15650,1
18350,0
7509,0
19992,1
16281,0
19537,0
13977,0
5205,0
15227,0
10170,0
1573,0
11718,0
11181,0
7860,1
496,0
2337,1
18421,1
14541,0
1714,0
12164,0
19951,1
6052,0
18402,0
8563,0
15601,1
5628,1
19838,1
5307,0
3624,0
8008,0
1652,1
11787,0
531,0
4958,0
19554,1
11976,0
1085,0
117,0
864,0
13041,0
6881,0
1999,0
12004,0
13066,0
10812,1
14160,1
17171,1
1963,0
13063,0
4550,0
1929,0
5325,1
17162,1
157,0
12387,0
10440,1
10259,0
11162,0
16569,0
1897,0
4300,0
13236,0
11428,0
203,0
13190,1
18721,0
18984,1
10006,0
12796,1
18872,1
14366,1
15311,0
8663,0
4819,1
15836,0
11440,1
16996,1
14573,0
3740,0
13999,0
385,0
8425,0
7564,0
4199,0
3220,0
9650,0
10430,0
4475,1
3733,1
4282,0
11024,0
1855,0
6162,0
12497,0
2336,0
14962,0
10187,0
13798,0
18877,1
3099,0
19216,1
611,0
18400,0
3677,0
7531,0
9417,0
8482,1
19535,0
10794,1
3027,0
4808,1
11080,0
6831,1
16907,0
15755,1
8270,0
9187,1
6317,0
13212,0
2517,0
15924,0
16782,1
546,0
1828,0
8524,1
18267,1
7171,0
3446,0
8186,0
606,0
2027,1
2046,0
17104,1
18691,0
6213,0
5441,0
12424,0
1049,0
125,0
10649,0
12054,0
5775,1
11690,0
16588,1
3574,0
266,0
16659,0
11564,1
4657,0
1524,1
12503,1
19757,0
17742,1
1169,0
33,0
11139,0
15857,0
8144,1
3606,0
7154,1
17120,0
12774,0
7438,0
5703,1
5653,0
11405,0
19919,1
3012,1
2228,0
19669,1
4498,0
18406,0
5589,0
9159,0
9890,0
7701,0
12969,0
12501,0
10409,0
16543,1
13518,0
1140,1
10493,0
4277,0
17994,1
18728,0
1313,0
12727,0
10336,0
93,0
1491,0
10992,1
15839,1
18889,1
6942,0
3371,0
10541,0
13748,0
13807,0
8472,0
14092,0
15837,0
5991,0
18251,1
16088,1
14024,0
15879,1
2762,1
19431,1
8501,0
2176,1
601,0
1307,0
7971,0
12685,1
12548,0
13603,0
8649,0
6635,0
19954,0
6590,0
8321,0
2375,0
6566,1
13877,1
16245,0
251,0
15279,0
5123,0
19132,1
13132,0
18829,0
11753,0
7621,0
1507,0
8841,0
920,0
16727,1
5641,0
10571,0
926,0
10548,0
10768,0
8995,0
374,0
15826,1
978,0
17460,0
4270,0
13836,0
14864,0
6585,1
6612,0
8260,0
12179,1
6914,1
7366,0
1910,0
5583,0
5006,1
11353,0
1726,0
672,0
17479,0
18915,0
15610,0
16036,1
2642,0
14806,0
14713,1
9129,0
355,1
7820,1
12399,0
19910,0
7190,0
3829,0
3378,0
11222,1
1038,0
17489,0
14134,0
6801,0
7583,0
17890,0
5020,0
10791,0
13462,0
2445,0
13301,0
8715,0
18289,1
13314,0
1167,0
7604,0
3018,0
9902,0
15320,1
1121,0
11269,0
2496,1
18508,0
11623,1
14831,0
11010,1
19703,0
6363,0
5012,0
432,0
14807,0
15182,0
18617,1
11539,0
9085,0
10419,0
9677,0
3254,1
4551,0
9889,0
16298,0
6192,1
189,0
5503,0
10203,0
9983,0
12397,0
6689,0
10527,0
3813,0
14939,0
17258,0
12947,0
12442,0
15472,1
937,0
10864,0
7243,1
13231,0
12348,0
6747,0
10101,0
16929,1
9827,0
18937,0
19946,0
12965,1
17205,1
6578,0
8340,0
11744,0
18701,1
7047,0
1330,0
14027,1
10678,0
626,0
3725,0
8564,1
10154,0
19417,1
3595,0
18307,1
573,0
6139,0
17778,1
15797,1
8275,0
3345,0
5751,0
3055,0
6204,0
2994,0
19398,0
7505,0
9535,0
13173,0
16864,0
3607,0
4849,0
11493,0
4741,0
18608,1
15263,0
11665,0
6601,0
333,0
11367,0
15849,1
9103,1
2064,0
2718,0
17281,0
14629,0
10099,0
13101,0
10163,0
8390,0
7910,0
3419,0
11351,0
17218,1
19959,0
7633,0
6844,0
6750,0
4319,0
17774,1
7357,0
16212,1
12950,1
11160,0
10748,0
19086,0
5731,0
6017,0
13652,0
15605,1
18077,1
18472,0
7184,0
3995,0
19865,0
4290,0
1282,1
7262,1
6946,0
3138,0
6758,0
18549,0
10584,0
5377,0
4612,0
14301,0
14454,1
4348,0
17279,0
12926,0
17357,1
1608,0
6891,0
7913,0
11662,0
8912,0
7858,1
12638,0
3443,0
8913,0
13501,0
12998,0
11287,0
3114,0
12628,0
16708,0
18904,1
15490,1
4469,0
12449,0
17997,1
8751,0
3085,0
1967,0
6308,0
9625,0
2602,0
16479,0
8389,0
18336,1
13645,0
5215,0
5156,0
14268,0
6593,0
19204,1
19765,0
18479,1
9219,0
7046,0
13634,0
870,0
10397,0
2795,0
16464,1
2329,0
18271,1
4562,0
58,0
15672,1
18551,0
1340,0
8901,0
18514,1
15269,1
7872,0
14954,0
5805,0
9185,1
1344,0
1692,0
7127,1
11907,0
11867,0
12331,0
4508,0
15823,1
8758,1
4830,0
7799,0
12715,1
6355,1
2770,0
11963,0
735,0
4327,1
19154,1
15402,1
5568,0
2851,0
10913,0
12882,0
11892,1
17929,0
9996,0
14037,0
7248,0
1192,1
1475,0
3197,0
13815,1
15993,1
8129,0
6537,0
9774,1
5466,0
13197,0
14387,0
2696,0
1731,1
7087,0
1228,0
14551,0
45,1
4309,0
11321,0
10234,1
17348,0
4361,1
11698,0
19151,0
14568,0
14148,0
9620,0
2043,0
8183,1
2890,0
3806,1
9666,1
10051,0
17930,0
19693,0
17554,0
386,0
5161,0
5846,1
5767,1
12762,0
1958,0
1474,0
17493,1
19626,1
5648,0
3696,0
10266,1
11703,0
15923,1
3970,1
6470,1
7838,0
1584,0
13799,0
4313,0
11610,0
10647,0
7048,0
19940,1
16072,0
17464,1
578,0
4963,1
2993,1
5979,0
18763,1
18762,0
1260,0
1797,0
17420,1
515,0
3148,0
2460,0
2474,0
5150,0
2982,0
6637,0
14936,0
3282,0
4899,0
1923,1
10278,1
15933,1
10078,0
15476,0
4782,0
7165,1
8258,1
1465,0
7445,1
16109,1
15719,1
17192,1
5357,0
7719,1
6681,0
11051,1
7678,0
3407,1
10297,0
6928,0
17001,0
16280,0
5654,0
1961,0
19717,0
4326,1
4479,1
13004,0
2453,1
7054,0
15969,1
16417,1
13559,0
8926,0
11041,1
3763,0
19140,1
3818,0
10408,0
6388,1
8259,0
18671,0
9020,0
11691,0
13826,0
9116,0
8422,0
17306,0
13407,1
3816,1
1299,0
1492,0
18073,0
9640,0
12849,0
15662,0
17425,0
2865,0
3983,0
339,0
17809,0
1536,0
11226,0
4219,1
4471,0
9457,0
5626,0
19675,1
8909,1
10152,0
4850,0
6509,0
14139,0
5209,1
2071,0
6508,1
16067,1
16689,0
4837,1
6442,0
14438,0
14869,0
11935,0
13365,1
16837,1
17915,1
1408,0
14624,0
4008,0
2394,0
13277,0
14786,0
13654,1
16769,1
19856,1
13507,1
4223,0
17033,1
19119,1
1950,1
16733,0
6144,0
13182,0
17026,1
1925,0
9210,1
10393,1
8804,0
3359,0
7507,0
17194,1
17037,1
11503,0
10604,0
466,0
1057,0
16402,0
16793,1
19289,1
1679,0
9336,0
7739,1
17829,0
13957,0
6485,0
7314,1
8282,0
17855,1
7779,0
17985,1
10442,0
8331,0
10332,1
8432,0
8443,0
2076,0
3074,1
17129,1
17050,1
10721,0
5854,0
3688,1
11446,0
1934,0
14703,0
3900,0
16339,1
9451,0
10424,0
15299,1
7134,0
16161,1
252,0
1643,0
15046,1
13199,1
11305,1
12803,0
15886,1
14460,0
12077,0
6966,0
10180,0
16898,1
6816,0
5371,0
10774,1
17616,1
2475,1
13269,0
14224,0
15851,1
19087,0
12702,0
19497,0
17988,1
18446,0
5032,1
17342,1
10478,0
16737,0
15582,0
16495,0
7888,0
9597,0
7687,0
3694,0
15223,1
9952,0
15785,0
8700,1
16097,0
10150,0
6172,1
14958,0
4993,0
5547,0
5468,0
4295,0
15425,0
18045,1
19109,1
2965,0
3450,1
12037,1
11961,0
7457,0
15810,0
787,0
17180,1
17179,1
13207,1
16238,1
2833,1
15367,0
11495,1
16791,1
11883,1
13373,1
9253,1
2688,0
11922,0
17524,1
15756,0
10382,0
12409,0
12700,1
13690,0
18368,1
12855,1
4205,0
1208,0
7024,1
14999,0
12300,0
19533,0
8304,0
19266,1
15995,0
1205,0
12772,0
15178,1
19434,1
8283,0
415,0
6972,0
10427,0
15051,0
18305,0
9176,0
1090,0
2613,0
8641,0
9904,0
9315,0
19381,0
18189,0
2806,0
15800,1
659,0
2018,0
946,0
6822,0
6876,0
3043,0
18953,0
16510,0
16277,0
15574,0
12089,1
3872,1
3587,0
11388,0
4735,0
17610,0
8583,0
4365,1
15916,1
3147,1
14008,0
17146,1
9467,1
13126,0
14983,0
14345,0
3255,0
11038,0
14501,1
12959,0
13335,1
4140,1
18909,0
370,0
14511,0
8820,0
13255,0
10526,0
12299,0
924,0
13047,0
11708,0
5109,0
5036,0
10352,1
18536,0
7769,0
19824,1
3774,0
3887,0
9985,0
5927,0
8016,0
303,0
7976,0
6904,0
9081,0
8757,0
12753,0
19697,0
8924,0
6912,0
16391,1
4935,0
10663,0
10655,0
19080,0
6852,0
10560,0
19753,0
5968,0
18049,1
11510,1
17580,0
1884,0
15265,0
9949,1
1539,0
12544,0
18816,1
7733,0
15738,1
19690,1
1994,0
1044,0
6770,0
1724,0
2353,0
6638,0
11104,0
450,0
18512,1
191,0
15671,0
14835,0
3277,1
3182,0
12090,1
17322,0
18585,1
12765,0
4200,0
17242,0
19638,1
19193,0
6260,1
6619,0
4812,1
8959,0
13796,0
17510,1
19382,1
6406,1
7214,0
1637,0
1529,0
2350,1
1437,0
12389,0
4995,0
10139,0
5280,0
17431,0
15942,1
11523,0
3855,0
9240,0
15216,1
8603,0
7399,0
18752,1
18825,0
11767,0
10122,0
14918,1
17456,0
15618,0
18211,1
1069,0
18234,1
11069,0
18597,0
10049,0
18125,0
8969,0
4883,0
1511,1
11855,0
19599,0
15120,0
3246,1
2941,0
3803,0
17617,1
12874,0
4979,0
19988,0
16348,0
14259,1
1060,0
19230,1
12254,0
7823,1
8190,0
11020,0
15493,1
1673,1
19391,0
14053,0
18751,0
16731,1
2342,0
15000,1
1588,0
13938,0
18331,1
17923,1
6682,1
15010,1
4204,0
3013,1
1238,1
1795,1
15165,1
18753,1
3781,1
6548,1
17123,1
1905,0
7931,1
17546,1
7572,1
3746,0
1261,1
18105,0
17954,1
12900,0
14187,0
11277,0
2185,0
3713,1
19515,0
18372,1
19817,0
15912,0
4331,0
85,1
19937,0
13297,0
533,1
4767,0
4001,0
5816,1
17439,0
4130,0
19613,1
11830,1
17514,1
19274,1
9348,0
6,0
4019,1
7000,0
9980,0
13074,0
6245,0
3338,0
7100,1
4095,0
16181,0
10306,1
10956,0
1757,0
15700,0
16438,1
14544,0
413,0
14079,1
1610,0
938,1
18842,0
3317,0
13306,0
4478,1
6520,0
1181,0
5833,1
18018,1
6291,1
12127,0
10815,0
11795,0
4796,0
3937,1
4185,1
4700,0
10586,1
14695,0
4693,0
13956,0
8048,0
18411,1
13308,0
7744,0
18314,1
392,0
2250,0
131,0
603,0
14678,0
7764,0
2482,0
14484,0
7765,0
5963,1
6335,1
6105,1
18390,0
4594,0
6756,0
7311,0
11868,0
1984,0
15308,0
8955,0
11449,0
12084,0
5622,1
4773,1
9736,0
16760,0
2366,1
7499,0
9694,0
12974,0
2437,0
9543,0
2822,0
17293,0
10137,1
2061,0
15895,1
13522,0
18780,1
8305,0
8326,1
17009,0
3489,0
12704,0
2266,0
7456,1
10738,1
9649,0
8596,0
19976,1
10468,0
15196,1
13439,0
8536,0
3672,1
19714,1
13476,0
13437,0
2667,0
12989,0
5139,0
7239,0
2126,0
1099,0
6008,1
7580,0
13517,0
10664,0
9815,0
14782,0
14490,0
16199,1
6573,1
7221,1
9907,0
8922,1
4954,1
16265,1
4252,0
6157,0
5370,0
11235,1
6932,0
4459,0
7990,0
11485,0
1899,0
6476,1
1484,0
5957,0
981,0
11191,1
8815,0
14836,0
4937,0
18566,1
16028,1
783,0
7271,0
822,0
4531,0
15877,1
9955,0
4948,1
204,0
19237,1
9026,0
3615,0
4888,0
8515,0
11019,1
1487,0
3218,0
10066,0
8225,0
8571,0
2291,0
15819,0
4224,1
13488,0
16508,1
19609,0
7584,1
15277,0
19926,0
935,0
12734,0
5787,0
12192,0
7128,0
3023,0
17046,1
5053,0
4940,0
18945,1
4303,0
16240,1
4460,0
9073,0
15081,1
13803,0
18315,1
12443,1
778,1
720,0
14849,0
14019,0
12326,0
8625,1
17819,1
1184,1
11412,1
17375,0
12118,0
16483,0
15283,1
15930,1
8906,0
4239,0
9979,0
10416,0
12175,0
8593,0
18528,1
17264,1
7577,0
5436,0
106,1
868,1
10439,0
6327,0
9350,0
15202,1
4576,0
18378,0
5175,0
1902,0
5427,0
7548,0
13472,1
1537,0
12244,0
14245,0
17158,0
10856,0
3233,1
3370,0
13560,0
14209,0
3967,0
18384,0
8986,0
13562,0
3437,0
18161,1
1830,0
15452,1
8866,1
15521,1
10328,0
11675,0
11086,0
13789,0
11762,1
1073,0
19011,0
487,1
15907,0
15913,0
18921,1
8193,0
19482,1
8701,0
16118,1
2652,0
4152,0
19705,1
13754,0
10293,0
9307,1
3122,0
14412,1
18426,1
8798,1
7558,0
10868,0
13984,0
15959,0
8511,0
18367,1
12262,0
12152,1
3375,1
988,0
7461,0
1055,0
5018,0
13334,0
6806,0
8481,0
9089,0
929,0
1063,0
18814,1
8314,1
18308,0
1515,0
6643,0
13547,1
2905,1
18878,1
7705,0
14043,0
9760,0
15352,0
4572,0
9130,0
3645,0
96,0
4683,0
11197,0
19956,1
6041,1
4377,0
8324,0
2959,0
15237,0
8714,0
18354,0
6611,0
13463,0
13147,0
3637,0
2988,1
13369,0
15734,1
3942,0
4732,1
13225,0
7826,0
2026,0
934,0
13907,1
12933,0
7644,0
9687,0
14879,0
17060,1
6339,1
10487,0
18413,0
488,1
17759,0
13772,0
17290,0
9532,0
19197,1
8361,0
907,0
14774,0
4902,0
10168,0
723,1
4920,0
1645,0
12120,1
10413,0
2949,0
9519,0
13470,0
18616,0
16800,1
12011,0
5450,0
11756,1
9224,0
18230,0
10333,0
14343,0
9590,1
7933,0
12551,0
4761,1
15551,0
2766,1
8033,1
12493,1
9499,0
11039,0
3562,0
14701,0
6310,0
3125,0
1030,1
2011,0
19907,1
17786,0
1425,0
12986,1
6444,1
8789,0
5618,0
2555,0
1682,0
6481,0
18108,0
8572,1
19903,1
17024,1
18704,1
10559,1
6984,0
2641,0
17683,0
6842,0
19150,1
7934,0
7104,1
17349,0
7079,0
14102,0
11914,0
354,0
7462,1
4924,0
12539,0
13678,0
17225,0
8983,0
13526,1
4532,0
9426,0
14906,0
19479,0
14328,0
16550,1
7268,1
7090,0
8084,0
6532,1
9030,1
19161,0
6642,1
1222,0
2332,0
14586,0
6794,0
8351,1
5760,0
17400,1
13270,1
3811,0
16087,1
16836,0
18075,1
14894,0
8420,1
14605,0
17361,1
17103,0
12034,0
13250,0
12068,0
6137,0
12105,0
15105,1
1328,1
13768,0
17895,1
9726,0
14639,0
4870,0
18627,0
8802,0
10142,1
11012,0
19591,0
15350,1
3971,1
976,0
11097,0
15535,1
10435,0
4900,0
12302,0
7878,0
9654,0
9300,0
5193,0
6285,1
2421,0
9475,0
8334,0
2446,0
11624,0
508,0
9,0
19888,0
10582,1
655,0
11561,0
8577,1
10363,0
13673,0
9862,1
14172,1
18371,0
1671,0
964,0
9991,0
6236,1
7086,0
9473,0
5372,1
16423,0
11047,0
9328,0
4454,0
1895,0
8265,0
14357,0
3529,0
11023,0
8476,0
14656,1
19938,0
8761,0
13533,0
18168,1
2713,0
13850,0
7072,0
8766,0
2843,0
56,0
15177,1
1430,0
15023,0
3266,0
18052,1
14925,0
8886,1
15795,1
11839,0
9144,1
13659,0
3357,0
9993,0
18254,0
2429,0
9023,0
996,0
663,1
12232,0
12616,0
4844,0
18303,0
3948,1
4311,0
5364,0
9462,0
16700,1
10921,1
4353,0
3535,0
5316,0
1602,0
17307,1
6079,0
1800,1
4619,0
12043,0
2035,0
8819,0
5713,0
1144,0
683,1
5688,0
7614,0
6757,1
9491,1
7726,0
16292,1
17110,0
10636,0
10747,0
6771,0
14447,0
15689,0
8876,1
3335,0
3675,0
4768,0
19522,1
1244,1
6337,0
12523,0
17075,1
11799,0
15013,0
16138,1
7898,0
6840,0
6980,0
14400,0
15494,0
1363,0
9699,0
14465,0
8847,0
7643,0
1991,0
15035,1
15117,1
12328,1
19881,0
9069,0
8356,0
13070,0
237,1
5277,0
16616,0
4827,0
10690,0
16818,1
11212,0
11676,0
16054,1
17177,1
18758,1
15946,1
7594,0
13287,0
6430,0
15421,1
4606,0
16609,1
7280,0
14138,0
3176,0
5332,0
19857,1
13105,0
14699,1
13873,1
324,0
11103,0
1504,0
17304,1
17552,0
17168,1
15595,0
4259,0
2972,0
7407,0
7282,0
4396,0
9746,0
16832,0
16505,1
19466,1
11828,0
9385,0
15083,1
19600,1
11560,0
6997,1
2858,0
17666,1
9790,0
10861,0
4747,0
15436,0
10729,0
3641,1
4098,0
7385,0
17927,1
15058,1
12984,0
13960,0
15290,0
12376,0
6178,0
10021,0
6279,1
1791,0
15025,0
11739,0
16266,0
18148,0
14129,1
8241,0
2286,1
13592,0
5263,0
18323,1
17770,1
7326,0
18031,1
12113,0
8360,0
614,0
6305,0
1188,0
4013,1
7250,0
18979,1
18382,0
16559,0
2173,0
16272,1
7334,0
15419,1
4889,0
11057,0
14872,1
8908,0
15390,1
3068,1
2161,0
352,0
16376,0
11215,1
4688,0
10,0
16998,1
6672,1
17325,0
16380,0
12582,0
5460,1
13141,0
9557,0
7566,1
18116,1
7785,1
2745,0
1398,1
11014,0
17480,0
6005,0
1990,0
16519,0
14649,0
19192,1
9633,1
16316,0
7331,0
8149,0
219,0
16901,1
5476,1
13854,1
3005,0
16626,1
10823,1
9432,1
16156,1
1771,1
18664,1
8506,0
11037,0
6687,0
14300,1
18745,1
17596,0
15370,1
4023,1
10355,0
14105,0
19346,0
12912,0
10667,0
11,0
9293,0
19868,0
11909,0
15474,0
10610,1
12648,0
17196,0
6647,0
3119,0
8892,0
15685,1
1901,1
3702,0
6695,0
2432,1
11006,0
13919,1
15899,0
16773,0
680,0
10820,0
11505,0
8287,1
3479,1
12662,0
1481,1
7807,0
9121,0
2271,0
11442,0
16628,0
16953,0
5992,0
2628,1
17693,1
12847,0
10780,0
5028,0
19314,0
16938,1
5449,0
428,0
10299,0
14661,0
14636,0
18851,1
14026,1
4238,0
12129,0
13442,0
19897,0
2140,0
15683,1
19891,1
13991,0
17201,1
4237,0
6367,0
19922,1
8234,0
12919,0
7082,0
6655,1
9306,0
19786,1
12517,0
3949,1
17188,1
9196,0
1227,0
2164,0
18938,1
15174,1
19990,0
3922,1
16749,1
3162,0
19708,1
759,0
4248,0
1592,0
939,0
7861,1
15487,0
13633,0
408,1
4446,0
11100,0
10893,0
263,0
19432,1
10466,0
1660,0
4951,1
3890,0
2563,0
13931,0
600,0
12086,1
13613,0
19348,1
552,0
6147,0
18306,1
18879,0
15707,0
11128,0
14183,0
12817,0
1686,0
11885,0
1599,0
3433,0
4160,1
1870,0
9970,0
13784,0
13230,0
11670,0
17956,1
2882,0
5940,1
8441,0
3313,1
7596,0
586,1
11603,0
11344,1
13623,1
375,1
17878,1
11962,0
4840,0
102,1
17858,1
4026,0
6413,0
10884,1
17599,0
19126,0
5272,0
317,0
14226,0
13385,0
12802,0
1151,0
4986,0
13917,1
13427,1
14110,0
7759,0
17355,0
10958,0
19049,0
5122,0
11949,0
18761,1
2887,1
11905,0
17137,1
8855,1
19108,1
8508,0
7163,1
3325,0
16638,0
4570,0
19030,1
17343,1
9941,0
16785,1
12760,1
7805,1
6501,0
4372,0
6523,0
3938,0
8585,0
13451,0
12502,0
5543,0
13242,0
13708,0
15161,1
11802,0
11027,0
384,0
10851,0
16642,1
8710,0
19259,0
5338,0
19853,1
4736,0
6187,0
17461,1
14203,0
15777,0
17057,0
16273,1
15217,0
3797,1
8872,0
7389,1
19203,1
6396,1
9823,0
19934,1
10151,0
15708,1
1292,0
13949,0
13428,0
5786,1
15102,0
5084,0
19248,1
10660,0
4383,0
459,1
1611,0
13426,0
3555,0
14870,0
13368,0
9150,0
8929,1
7320,0
13548,0
11635,0
16688,0
15835,0
5125,0
17430,1
8025,0
8843,0
17753,0
13751,1
16579,0
4157,0
14492,0
4909,0
2355,0
9577,0
8236,1
13563,0
3016,1
2014,0
5939,1
14361,0
2412,0
1586,0
169,0
1850,0
14967,1
19370,0
7027,0
8336,0
19886,0
15477,1
9325,0
15193,1
9060,0
3165,1
12372,0
13767,0
13395,0
15017,1
6960,0
16447,0
3506,0
4556,0
19562,1
2505,0
8592,0
17811,0
14189,0
16248,1
378,0
17751,1
3819,1
17894,0
6749,0
19598,0
17302,0
6437,1
4681,0
15171,1
1498,0
7603,1
5344,0
363,1
11143,0
2907,0
13841,0
3544,0
10040,0
774,0
11928,0
9668,0
2062,0
17646,0
1058,1
14213,0
19014,0
9461,0
5107,0
12148,0
334,0
908,0
5230,0
14814,1
2800,0
8301,0
12978,0
239,1
15866,1
7710,0
3665,0
18217,0
1948,0
4172,0
16000,0
6240,1
5776,0
5591,0
7620,0
2992,0
4390,1
1462,1
9857,0
13203,1
15892,0
16098,0
10450,0
18150,1
4518,1
7212,0
8,0
1386,0
10985,0
6939,0
2954,0
7778,1
16564,0
1883,0
10173,0
9751,1
6282,1
15939,0
3281,0
9364,0
19013,1
19202,0
4792,0
12742,0
17903,0
1358,0
1541,0
2873,0
2547,1
4049,0
18819,0
4005,1
15796,1
3451,1
9266,0
18501,1
719,1
19375,1
10872,0
8327,0
14034,0
13550,0
3692,0
6086,0
947,1
10155,1
2937,0
4222,1
11629,0
902,1
703,0
3939,0
9428,0
12636,0
15733,1
681,0
2282,0
3195,0
8609,0
8264,0
19207,1
19288,0
6483,1
19133,0
9723,0
14305,1
1508,1
3647,1
10016,0
3756,0
4956,0
2791,0
8113,0
4596,0
15462,1
2280,0
1420,0
15545,1
3649,1
3908,0
14060,0
8588,1
7908,0
9905,1
11989,0
7182,0
13713,0
16359,1
8200,0
18222,0
12908,0
9766,0
9618,0
1558,0
48,0
1758,0
5043,0
11059,0
5593,0
4820,0
639,0
10676,0
11087,0
9872,0
18081,1
4077,0
1616,0
8716,0
8600,1
877,0
19117,0
10605,0
16253,1
19876,0
11291,0
15571,1
3033,1
9589,0
19429,1
8778,0
15496,1
5527,0
309,0
11613,1
14374,0
18288,0
4055,0
4895,1
11738,1
3492,1
11877,0
7601,0
13702,0
5620,0
17427,0
13861,1
16344,1
19624,1
18477,1
16081,1
598,0
15871,0
12913,0
17831,0
13082,0
9899,0
15222,0
14315,0
13234,0
2207,0
7943,0
6193,1
12610,0
19447,1
14215,0
9496,0
12098,0
5674,0
11620,0
9054,0
15968,0
17764,1
8713,0
10208,0
18244,1
9756,0
14319,0
19864,1
7650,0
6991,0
12315,1
12632,0
7856,1
16233,0
3150,0
18347,1
2262,1
2664,0
13589,0
15184,1
387,0
6600,0
6434,0
19799,0
12550,0
1752,0
19920,1
17808,0
10892,0
12366,0
13053,0
3658,1
19983,0
13444,0
5599,0
13579,0
9647,0
5336,0
12724,1
16404,1
15139,1
4603,0
14862,0
296,0
17442,0
7920,1
6290,1
15568,1
17404,0
1531,0
3073,1
8639,1
14326,0
10669,1
2197,0
16918,0
5518,1
7396,1
12154,0
14824,0
14996,0
2115,0
11951,1
10547,0
18965,1
17462,0
19651,1
2927,1
19401,0
1392,0
19395,1
16883,0
18023,1
4387,0
17900,0
8385,0
15155,0
7883,0
6208,0
285,0
12698,0
11401,0
18107,1
3684,0
12286,0
10515,0
7437,0
19634,1
8569,0
18069,0
1068,0
6898,1
2703,0
17801,0
9678,0
2304,0
10850,0
4195,1
18236,1
9796,1
17308,1
19440,1
376,0
2264,0
12243,0
12653,0
3800,0
19232,1
14422,0
10489,0
9959,0
13686,0
15430,1
15883,0
3639,0
16573,1
3782,0
10423,1
1189,0
17231,0
8151,0
16099,1
7034,0
7144,1
16340,0
6066,1
16016,1
674,0
7387,0
18264,1
12672,1
5065,1
18491,1
14978,0
1131,0
7593,1
12484,0
11659,0
14707,0
14858,1
3235,0
19025,1
8642,0
10695,0
9255,1
3041,0
10039,0
3817,1
127,0
4357,0
7846,0
2556,0
1865,0
6082,1
16462,1
983,0
14986,0
59,0
15020,1
615,0
731,1
14726,0
16881,0
13889,0
1630,0
15075,0
14364,0
4506,0
10801,0
15776,0
12819,0
2650,0
15860,0
16370,1
76,0
13195,1
1651,0
3243,0
1406,0
14865,0
18772,0
11320,0
13707,1
2727,1
13621,0
15205,0
16224,0
1693,0
16367,1
7684,0
14727,0
2146,0
17078,1
17639,0
13737,0
10418,0
9606,0
13349,0
3431,0
2977,0
19166,0
13438,0
1972,1
19079,1
13982,0
15674,0
4994,0
9188,0
14503,0
15273,1
8191,0
13701,0
13667,1
8630,1
5683,0
498,0
11263,0
15838,1
11785,0
13459,0
10886,0
14675,0
15966,0
10799,0
9308,0
11972,0
1510,0
2596,1
7984,0
5242,0
3644,0
18939,0
12231,0
17315,0
18334,1
6507,0
13918,0
5404,0
15338,1
747,0
16278,0
3392,0
10874,0
6084,0
14857,0
13003,0
5615,0
14173,0
5447,0
19890,0
16295,1
13062,0
11489,1
8013,0
15038,1
1547,0
9757,1
17052,1
11996,0
17523,1
14127,0
16045,0
1642,0
12111,0
13384,0
16031,0
1938,0
12957,0
13879,1
11910,0
9040,0
1416,0
1727,0
10428,1
15991,1
10484,0
1582,1
19424,1
3361,0
10047,0
10934,0
16798,0
8074,0
1594,0
4321,0
6055,1
10920,0
13790,1
2836,1
18353,0
9934,1
12857,0
5373,0
8004,0
4644,0
969,0
766,0
3416,0
13148,0
17317,0
13177,0
17795,1
2559,0
4352,0
12983,1
2590,0
4526,0
19982,0
11175,0
9547,1
17413,1
11590,0
13357,0
13926,0
7260,0
7259,0
9740,0
13166,0
6184,0
7168,0
10414,1
16371,0
11798,0
11283,1
10277,0
15306,1
16841,0
13584,0
2322,0
10023,0
14029,0
8541,0
3104,0
13729,1
16774,1
2,1
12718,1
19081,0
12567,0
848,0
5986,0
2623,0
2909,0
18712,1
18978,1
4402,0
14452,0
1968,0
9285,0
1965,0
9088,1
8730,0
7557,0
15278,1
4672,0
16582,1
19759,0
19326,0
2015,0
4791,0
15531,1
17898,0
3350,0
14674,0
5015,0
10965,0
3215,0
2840,0
7715,1
2957,0
9480,0
12466,0
7935,0
17167,1
6468,0
12336,0
15089,1
10024,0
16432,0
9193,0
11751,0
1477,0
4266,0
19590,1
10795,1
13619,0
5134,0
12954,0
2550,0
6714,1
5327,1
9811,1
8117,0
17244,1
11858,0
14349,0
17986,0
10770,0
4866,0
15340,1
9808,0
11917,0
12029,0
8884,0
892,0
7746,0
14569,0
581,1
6911,0
6543,1
2050,0
10200,0
3738,1
18385,0
7426,0
10038,1
1183,0
4968,0
4335,0
14289,0
16126,0
16874,0
7038,0
3097,0
18126,0
4069,0
10980,0
4670,0
6432,1
6080,0
3412,0
4936,1
14124,0
8375,1
17508,0
18123,1
13363,0
19251,0
1048,0
13226,0
1304,0
6567,1
15573,1
10451,0
5606,0
6609,0
17059,1
16330,1
15333,1
11078,0
11941,0
13876,0
10737,0
12856,0
6528,0
4167,0
7070,0
6854,1
5163,0
10697,0
19392,1
2268,1
4336,0
16322,1
14407,0
5495,0
19709,0
18726,1
18102,0
2131,0
14391,0
13853,0
2371,0
1124,0
12007,0
16249,1
1266,0
6368,1
19282,1
12214,0
6243,0
7226,0
14433,0
17238,1
10509,0
18325,0
6057,0
10502,0
19924,1
8790,0
11726,0
5358,0
8078,0
18529,1
9953,0
9541,0
13342,0
8568,1
5720,0
14681,0
1051,0
9986,0
12335,1
9173,0
17935,1
5396,0
14143,0
15357,1
12590,1
13165,0
11435,0
5346,0
7419,0
6562,0
19425,0
4233,0
14975,0
3311,1
7995,0
14350,1
5120,1
7749,0
13976,0
16096,1
4150,0
16868,1
15772,1
18330,0
9493,1
16523,1
19772,0
18975,0
9895,0
1496,0
16969,1
11950,0
17568,0
1683,1
18652,0
17576,0
8498,0
13530,0
15284,0
18570,1
14197,0
16331,0
17999,0
13946,1
421,0
12050,0
12161,0
5536,0
17679,1
13647,0
19387,1
19016,0
16416,1
1702,0
6425,0
11591,0
3886,1
13632,0
19295,1
2469,0
13256,0
19407,1
6718,0
17454,0
13088,0
18197,1
5262,0
10044,0
8999,0
10684,0
19477,1
7372,0
5694,0
10179,0
17827,0
5101,0
5668,0
16465,0
9354,0
19372,1
9817,0
3711,1
8111,0
8134,0
19355,0
6883,1
9370,0
10653,0
244,1
240,1
8267,0
17032,1
14518,0
8692,0
16637,0
17647,0
16232,1
6027,0
19307,1
1204,0
16821,1
4104,1
18280,1
3342,0
14248,0
3351,0
8711,0
18997,1
14813,0
9423,0
19224,1
10995,0
16976,0
17536,0
10635,0
12899,0
3102,0
2396,0
16132,1
18228,0
5744,1
13597,0
9339,1
14575,0
11768,0
18963,0
5069,0
2577,0
19712,0
13294,0
259,1
14175,0
14855,0
1163,0
7223,0
3945,0
1775,0
10143,0
18755,1
8449,0
1178,1
18087,0
5768,0
4022,0
12897,0
17767,0
18261,1
8783,0
5678,0
8958,0
2315,0
5757,0
2666,0
530,0
7658,0
14269,0
4664,0
19048,0
6903,0
15337,1
9058,0
19607,1
9876,1
14486,1
14584,0
19549,1
9785,0
17066,1
11696,1
16372,1
2360,0
5834,0
8494,1
15628,1
10366,0
1149,0
14915,0
3258,0
6108,0
11881,0
7003,0
7315,0
9958,0
13084,0
8266,0
13710,0
748,0
5420,1
4525,0
4273,0
608,0
12097,0
6253,1
9476,1
12938,0
8403,1
13843,1
4394,1
18338,1
10289,0
18613,0
13755,0
5789,0
16501,1
19787,0
19352,0
558,0
12150,0
12464,0
6889,0
7628,0
17150,1
4541,1
19305,1
17681,1
15172,1
3517,0
6350,0
7597,0
4401,0
4669,0
2933,0
7078,0
7783,0
7674,0
19884,1
16835,1
6183,0
9398,0
12264,1
11501,0
10844,1
2091,0
1276,0
1449,0
2010,0
16008,0
2523,0
9374,0
5664,1
916,0
19510,1
10287,0
13756,0
13083,0
4128,0
6705,0
4655,0
2048,0
6056,0
15957,1
9271,0
11252,1
6735,0
15378,1
16424,0
8257,0
9440,0
14332,0
5881,0
13783,0
18553,0
6605,0
2680,1
9643,0
13611,0
17248,1
12051,0
12185,0
14188,1
17517,1
9236,0
13262,0
18952,1
12863,0
1109,0
1033,1
16258,0
789,0
14100,0
18221,0
6634,0
18220,1
12945,0
19698,0
5728,0
19113,1
17604,0
7825,1
16964,0
7246,1
14514,1
10265,0
9360,1
18356,1
9605,0
2881,0
9944,1
16698,1
2522,0
7595,1
10246,0
6986,1
7307,0
7202,1
19462,1
9674,0
18502,1
5684,1
11903,1
14886,0
10359,0
19309,1
11198,0
199,1
14184,0
6474,0
14917,0
10733,0
16684,0
12439,0
7519,1
16993,0
8419,1
13728,0
13291,0
16862,0
10637,0
19629,0
9006,1
155,0
5279,0
15872,1
6068,1
16342,1
9603,0
11199,0
4445,0
2314,0
14246,0
4623,0
11776,0
11851,0
3017,0
7429,1
15091,1
3579,0
19722,1
8156,0
15534,1
10523,1
3193,1
532,0
10923,0
4125,0
13709,0
17887,0
18659,0
13253,1
19595,1
11375,0
18284,1
10202,0
10361,1
15482,1
18637,1
19555,1
6716,0
4501,0
8043,0
3549,1
2044,0
13087,0
7451,0
10177,0
9978,1
13214,0
8181,1
10035,1
4717,0
15497,0
15446,0
17688,1
566,0
30,1
2673,0
14907,0
6604,1
19443,1
6862,0
12351,0
1308,1
11030,0
9960,0
5440,0
15341,0
16729,0
8849,0
9228,0
12701,0
4544,1
16813,1
9246,0
2450,1
19618,1
5644,1
5361,0
13847,0
827,1
18615,1
7021,1
17209,0
9154,0
19145,0
11225,0
6439,0
1751,1
2060,0
16520,1
2805,0
12732,0
8669,0
963,0
14900,0
9657,0
19328,1
4918,1
8328,1
3604,1
19241,0
7716,0
6905,1
14537,0
16021,0
17352,0
7608,0
5829,1
19859,1
9008,1
2543,1
16400,1
11288,0
1240,0
4981,1
6906,0
4892,0
19939,0
7829,0
1041,0
10447,0
15882,0
604,1
1762,0
13781,0
6146,0
9816,0
3891,0
9035,0
16074,1
13800,0
2879,1
1488,0
19962,1
2409,0
11604,0
16329,1
12547,0
9216,0
9885,0
12168,0
13688,0
2984,1
16694,0
5562,0
2402,0
18542,0
16363,0
12830,0
7332,0
15044,0
16577,1
5686,0
6809,0
19929,1
3152,1
14025,1
10322,1
8224,1
2588,0
19252,0
7831,0
14677,0
17870,0
993,1
11224,0
17282,0
777,0
11366,1
5214,1
14136,0
9132,0
9705,0
4206,0
5804,1
2811,1
2449,0
4555,1
15145,0
9825,0
13068,0
587,0
16831,1
17453,0
15037,1
4284,0
15468,1
1348,1
3841,0
13302,0
15197,1
19136,1
16551,1
5004,0
15343,0
18326,1
4982,0
9485,0
7849,1
15408,1
17295,1
3466,0
16409,0
11574,0
15549,0
9942,0
525,0
5051,1
6864,0
6848,1
11514,0
8230,0
5877,1
12775,0
11346,0
9867,0
12073,0
18830,0
10613,0
10156,0
8763,0
6283,0
12147,0
11759,0
8513,0
19571,0
1024,0
3170,1
17049,0
18203,1
9375,0
6029,0
3974,0
2749,0
14873,0
12588,0
19524,1
4343,1
15384,0
3961,0
7574,0
2034,0
19756,1
15428,1
19995,1
13418,0
12536,1
7,0
4042,0
5945,0
4395,0
14625,1
13808,0
2234,1
18253,0
6352,0
5105,1
6441,0
11455,0
9050,1
14371,0
1974,0
1370,0
9891,0
2567,1
2678,0
16621,0
9332,0
9845,0
16263,0
10065,0
16931,0
911,0
6871,0
3520,0
3912,1
10788,0
9947,0
8695,0
16715,0
2020,1
15067,1
9656,0
12706,0
19646,0
13571,1
18714,1
19065,0
10302,0
19949,1
6853,0
12119,0
11862,0
19557,0
19873,0
17741,1
8470,0
9587,1
19558,0
13498,0
6186,0
16274,1
13471,0
8102,0
15606,0
15233,0
19376,1
9966,0
8691,0
2401,1
3669,0
15268,1
1106,0
1853,1
7018,0
2283,0
14496,0
5710,0
14744,0
7008,0
19354,1
12833,1
8552,0
1745,0
19960,0
1789,0
16962,1
12361,1
15828,1
15554,0
15702,1
2386,0
6447,1
2860,0
16287,1
3687,1
2878,1
6589,0
16961,1
1570,0
6723,0
3921,0
5673,1
15635,0
6491,0
397,0
2186,0
1152,0
7966,0
2203,0
10833,0
10316,1
14176,0
8146,1
11374,0
3303,1
9828,0
17014,1
3045,0
14540,0
13914,0
9340,0
11076,1
11937,0
7124,0
7555,0
3822,0
3225,0
16026,1
5268,0
9147,0
8533,0
19689,1
15090,1
5704,0
12022,0
941,0
13980,0
5227,0
13884,0
13134,0
12223,0
19233,1
13528,0
15558,0
8644,0
8014,0
2090,1
9918,1
10877,0
14296,0
4885,0
19750,0
6156,0
679,0
16150,1
14078,0
10160,0
8171,0
4961,0
9523,0
15055,1
7313,0
2405,0
7534,0
15275,0
13328,1
11127,0
1107,0
279,0
6620,0
13264,0
19512,0
17655,0
10275,0
5690,0
13581,0
17038,1
11159,0
1694,0
7490,0
6148,0
10276,0
13447,0
5725,0
6129,0
7441,0
6165,0
3262,1
7283,0
7465,0
14199,0
15249,1
13464,0
19116,1
12516,0
11606,1
18263,1
6380,0
10781,0
9316,0
953,0
18163,1
9810,0
1852,0
18733,1
19100,0
7651,1
14379,0
4485,0
1165,0
3192,0
5695,0
11096,0
4585,0
19849,1
12368,0
9443,0
8665,1
4729,0
14572,0
16860,1
17113,0
13607,0
2078,0
7568,0
16702,0
8616,0
2520,0
670,1
13558,1
11459,0
5351,0
4117,0
115,0
17862,1
19461,0
5853,0
2310,0
5505,0
7410,0
10458,0
5261,0
7882,1
18425,0
7539,0
4058,0
17575,1
7231,0
16704,1
15200,1
8848,1
1384,0
11458,0
9712,0
9729,0
3686,1
7170,0
4146,0
8080,1
18291,0
19564,0
9553,1
13331,0
1161,1
2345,0
12620,1
8829,1
4802,0
2692,0
1352,0
6190,0
7277,0
12378,1
19322,1
10709,0
4495,1
7847,0
5393,0
3009,0
14128,1
13600,0
13393,0
3355,0
15989,1
10292,0
9906,0
7297,1
2621,1
1016,0
18809,1
3300,1
1607,0
3356,0
5614,0
17931,0
16902,1
3241,0
17570,0
17159,0
18811,0
19169,0
11628,1
15962,0
4062,0
8077,0
18678,1
2799,0
9929,0
12407,0
13040,0
10068,0
371,1
5295,0
5168,0
10171,0
10928,0
243,0
17369,0
7156,0
10739,0
7173,0
12533,0
361,0
16361,0
7001,0
3965,0
12761,0
2880,0
2483,0
11853,0
13958,0
3160,0
619,0
6764,0
9413,1
18635,1
16995,1
2298,0
7009,1
13449,0
14093,0
8244,0
3947,0
5403,0
8838,0
7833,0
16480,1
19129,0
1250,0
10096,0
10454,0
4682,0
14829,0
8712,0
4715,0
3000,1
3296,1
12814,0
16827,1
12904,0
111,0
1808,0
2889,0
3496,0
18506,1
16658,1
12009,0
250,0
11815,0
12613,0
6210,1
8708,0
11841,0
14304,0
13599,0
5629,1
6873,0
9333,0
9533,1
12297,0
11714,1
16809,1
3793,1
4338,0
19112,0
13865,0
6076,0
10455,1
14036,0
3123,0
15657,1
322,0
5401,1
7069,0
13515,0
16923,0
4668,0
11650,0
3823,0
4280,0
2816,1
18744,0
8590,0
3062,1
11579,0
1872,0
1115,0
12481,0
10760,0
5514,0
16662,0
16802,1
9762,0
4738,0
367,1
16896,0
1723,0
5969,0
9511,0
19597,0
7017,0
10158,0
9444,0
10865,0
16739,1
13871,0
11558,0
10075,0
10172,1
12836,1
4159,0
8195,0
15094,0
14538,0
15136,1
15586,0
4283,0
10862,0
12513,1
11417,0
2675,0
675,0
8678,0
10999,0
9297,0
9322,0
9508,0
11271,0
7446,0
17658,1
7500,0
10789,0
15769,0
7698,0
4399,1
9824,0
3532,0
16716,1
7937,0
14491,0
7681,0
3004,0
1733,0
12385,0
11312,0
248,0
4519,0
17717,0
1946,0
3830,1
14969,0
6878,0
16230,1
9209,0
17932,1
15608,1
11167,0
2443,1
7491,0
186,1
1171,0
8253,0
7504,0
19642,1
15865,1
19625,1
17335,1
19987,1
15391,0
3070,0
10672,0
3638,0
11327,0
2657,0
1566,0
15840,1
8607,0
9565,0
7622,1
13791,0
17187,1
15406,1
8391,0
8229,0
1108,0
1264,0
13888,0
753,1
2777,0
7945,0
14700,0
18736,1
12255,1
12224,1
13289,1
843,0
842,1
15351,1
5096,0
16418,0
5798,1
8310,1
7364,0
2134,0
14449,0
17980,1
2877,1
14642,1
14240,0
18526,1
7051,0
13202,0
10769,0
6030,0
18286,1
424,1
12227,0
12446,0
1364,0
10028,0
10903,1
5228,0
11180,0
13394,0
16135,1
512,0
3363,1
1447,0
8393,0
14106,0
7855,1
17260,1
5237,0
10135,0
4598,0
6191,0
6003,1
568,0
16869,1
7752,0
17793,1
19160,1
13473,0
6617,0
2302,0
15293,1
19400,0
3343,0
1043,0
5155,0
4697,0
3021,0
6001,0
9910,0
7258,0
919,0
2940,1
6934,1
8822,0
12963,1
15086,1
14923,0
18955,1
7688,0
14142,0
904,0
8072,0
3514,0
4949,0
5422,1
16570,1
17360,0
3839,0
7345,0
2301,0
10222,0
5555,0
11447,0
618,0
14684,0
14055,0
11848,0
15816,0
13144,1
5658,1
3224,0
9971,0
3061,0
8106,1
18846,0
7228,0
7140,0
4113,0
11331,0
1703,0
761,1
235,0
10955,0
12005,1
19914,1
4249,0
8447,0
17396,1
5966,0
3664,0
4354,0
5669,0
6745,0
5981,1
16059,0
10529,0
5311,0
16605,1
14228,0
16840,0
19843,0
9537,1
12928,0
19228,1
2818,1
8883,0
1704,0
17421,1
15313,0
10093,0
13971,1
9235,1
11333,0
12854,0
16461,1
16401,1
8950,1
136,0
746,0
12749,0
14288,0
7459,0
178,0
6621,1
16236,0
1245,0
5247,0
8098,0
5858,0
14589,0
5680,0
5473,0
17410,0
14847,0
932,0
10052,0
8500,0
12573,0
13704,0
1833,0
10907,0
13776,0
18132,0
4409,0
16753,1
11736,0
10624,1
15440,0
11969,1
19747,1
16758,1
19406,1
17309,0
10818,1
5630,1
19442,0
2527,0
7391,0
14751,0
5199,0
2562,0
5511,0
8736,0
5459,1
2581,0
15128,1
16890,1
6113,1
13506,1
6493,0
16647,0
19413,0
2511,0
2488,0
7810,0
4298,0
18098,0
14550,0
4489,0
19358,0
15295,1
8018,1
1769,1
2384,0
2845,0
5349,0
18995,1
14481,1
14911,0
18552,1
52,1
7979,0
19094,1
12440,1
9251,0
3471,0
2040,0
6031,1
19627,0
4158,0
16300,0
4404,0
12316,0
3034,0
3762,0
3438,0
7130,0
2441,0
5762,0
11900,0
9128,0
13912,0
14402,0
7388,1
11779,1
2900,1
14190,0
2913,0
2430,1
4543,0
8109,0
660,0
15980,1
8424,0
1415,0
2780,0
3620,1
20,0
15647,0
13682,0
18387,0
1922,0
8163,0
8249,0
10384,1
2122,0
3572,1
7822,1
12271,0
9074,1
1202,0
10796,1
287,0
5064,0
16430,0
11997,1
17917,1
16839,0
1042,0
6982,1
1959,0
1707,0
9698,0
10933,0
7347,1
14631,0
15368,0
16844,0
11594,0
792,0
8737,1
16958,1
5397,0
11274,0
12143,0
9777,0
11677,0
17053,0
18603,1
3112,0
13033,0
2107,0
8863,0
771,1
4407,0
5866,0
1606,0
9683,0
18808,1
2687,0
9024,1
6996,0
5808,0
14957,0
4853,1
12410,0
19917,1
588,0
14505,0
12013,0
16357,1
19807,0
9797,0
1735,0
19737,0
15953,1
17297,1
3874,1
400,0
17467,0
19755,0
4105,0
18973,1
14668,0
1796,1
18037,1
10167,0
15793,0
17644,0
14937,1
4362,0
17455,1
10621,1
2980,0
992,0
19589,1
18540,0
5244,0
19576,0
17235,1
2216,1
3252,1
16473,1
19931,0
3457,0
6126,0
9806,0
3379,0
9459,0
12236,1
10708,0
10403,1
19802,0
12187,0
9114,0
13343,0
5402,1
17660,1
4581,0
1365,0
6724,0
16624,1
12674,0
12898,0
11679,1
1479,0
8890,0
8274,0
18409,0
12408,0
16768,0
4523,0
16857,1
8816,1
6976,1
15085,1
13379,1
16068,1
15918,0
5564,0
36,1
6623,0
15869,1
13324,0
6568,0
10089,0
927,0
9963,1
10314,0
5296,0
19029,1
2885,1
5374,1
5989,0
9642,1
14542,0
1930,0
5774,0
13763,0
13962,0
17525,1
3526,0
18547,0
13578,0
4059,1
6579,0
16804,1
15030,0
3537,0
18815,0
6121,0
5796,0
7084,0
6715,0
10477,0
11704,0
4967,0
5554,0
9525,0
17888,1
2233,0
7889,0
12920,1
14633,0
19465,1
242,0
14979,0
7030,1
12512,0
14867,0
13705,1
8610,0
14107,1
9864,0
6808,0
17807,0
17398,1
2241,0
14643,0
9759,0
216,0
17798,1
4056,0
18078,0
11566,0
18896,1
8150,0
6497,0
10456,0
17632,1
19053,1
9773,1
2826,0
18989,0
16894,1
17151,1
757,0
6987,0
8853,0
19556,1
9122,0
15204,1
128,0
12780,0
14539,0
8089,1
15862,1
12364,0
7863,0
13241,0
8199,0
6382,0
8561,0
19054,0
17175,0
12137,1
9405,0
12467,0
10590,0
4751,1
19574,1
4208,0
6296,1
3087,0
9169,0
19131,0
10083,0
18042,0
6346,0
14843,0
4408,0
18985,1
3285,0
8125,0
16846,1
5455,1
15353,1
7873,0
12845,0
16261,0
9894,0
13222,0
14057,0
17542,1
10365,0
9992,0
19741,0
7619,0
10952,0
14021,1
15360,0
13742,0
17117,1
16144,0
19138,1
6983,0
8348,1
7460,0
8091,0
10619,0
3661,0
2814,0
15581,1
14529,1
13775,0
11517,1
1526,0
8637,0
2028,0
15873,1
1675,0
9086,0
9302,1
18295,1
10567,1
6301,0
8430,0
14487,0
13489,0
6244,1
12834,0
12322,0
2153,0
8219,0
14225,0
5942,0
18179,0
16825,0
71,0
13391,1
5453,0
19128,0
12571,0
11114,0
4554,0
17236,0
19474,0
16377,1
19164,0
6356,0
18948,0
1252,0
11090,0
8814,0
4516,0
707,0
15287,1
1378,1
5575,0
569,0
9692,0
3659,1
19964,0
2643,0
12003,1
10495,0
18270,1
17812,1
7188,0
7511,0
10855,0
16601,0
14825,0
7562,0
1912,0
8904,0
15003,1
16107,1
13454,0
10648,0
19408,1
13797,0
14686,0
9846,0
4521,0
12794,0
13872,0
17914,1
16644,0
10809,1
3287,1
2549,0
9691,0
1426,0
5990,1
12829,1
12130,0
18041,0
6961,0
11240,0
2651,0
18756,0
1680,1
11955,0
5031,0
12319,1
3884,1
17905,0
10119,0
12609,0
595,0
17581,1
11476,0
5472,0
5399,0
6060,0
3598,0
9346,0
19652,0
16299,1
12505,0
18398,1
17959,0
10204,0
18147,1
17111,0
3786,0
14344,1
7702,0
11272,0
7107,0
6741,0
9916,0
11092,0
9800,0
6814,0
3396,0
19977,1
1772,0
10385,0
16007,0
1940,0
12418,1
3764,1
1807,1
17346,1
7203,0
7549,1
18577,0
16217,0
8469,0
11977,0
2125,0
15326,1
19056,0
15162,1
560,0
1273,0
4507,1
14323,0
10324,0
6262,0
4374,0
15564,1
19331,0
19989,1
17673,0
3127,0
9522,0
1784,0
18867,0
773,0
16664,1
16826,1
12282,1
3642,0
3088,0
13117,1
12438,0
9113,0
9842,0
11392,0
18297,0
2572,0
15542,0
2771,1
8574,1
836,0
11228,0
6217,0
12474,1
13243,0
8581,0
9798,0
15316,0
16203,0
1659,0
12238,1
15221,1
10902,0
11921,0
17131,1
562,1
16884,0
8325,1
17112,0
7965,0
4772,0
2789,1
15148,1
103,0
11044,1
17051,1
15331,1
11032,0
11256,0
15315,0
5873,0
589,0
8446,1
6484,0
6248,1
11421,0
2494,0
1684,0
18434,1
14470,0
1148,1
13625,0
13585,0
7215,0
7411,1
12721,0
3108,0
5921,1
18895,1
5723,0
15717,1
10107,0
1407,0
4832,1
9807,0
1942,1
7464,0
6651,0
1409,0
9075,1
1253,0
2086,0
14610,0
12379,0
10109,0
12651,0
4425,1
6860,0
3761,0
5619,0
13675,0
19658,1
4695,0
16267,0
1138,0
2209,0
9286,0
16766,0
6371,1
17734,0
7525,1
1303,1
12644,0
12172,0
17841,0
2361,1
6404,1
6967,0
9013,0
19612,1
13662,0
13317,0
13490,1
19061,0
4086,0
3497,0
2288,0
6863,0
15210,0
9638,1
1081,0
1687,1
10340,0
12067,0
16625,0
5218,0
6141,0
15786,1
5733,0
17966,0
13215,0
14998,0
3950,0
14066,0
9911,0
3329,0
16014,1
11852,0
8392,1
12325,0
17919,1
10437,1
6743,0
15272,1
647,0
3406,1
13421,1
19427,1
4263,0
12122,1
14311,0
10896,0
12201,0
9046,1
18233,1
12932,1
13059,0
5677,0
19800,1
19182,0
7960,1
4440,0
276,0
14732,1
17925,1
1314,0
14926,1
18957,0
12453,0
4860,0
18476,1
1046,1
19134,0
9289,1
12125,0
8857,0
913,0
17889,1
8953,0
6071,1
10126,0
16997,0
11229,0
3346,0
15098,1
2626,0
11250,0
18548,0
14461,0
460,1
13484,0
15929,1
12023,0
3315,0
14200,1
362,0
18982,0
10003,0
8844,0
172,0
9351,0
5479,0
11297,0
2808,0
5560,0
15070,1
11593,0
19280,0
18784,0
9849,0
13699,0
15106,1
4292,0
15405,0
878,0
5616,0
4375,1
10356,0
4944,0
17964,0
9847,0
9703,0
2534,0
18144,0
4187,0
14408,0
2491,0
12465,0
15639,0
11356,0
4271,0
9558,0
2088,0
10404,1
15509,0
12596,1
16807,1
15079,1
17836,0
14044,0
12422,0
18503,1
13069,1
12441,0
16173,0
464,0
8086,1
17828,1
10542,0
13031,0
4809,0
516,0
12219,0
921,0
6882,0
2916,0
6104,0
8733,0
13313,0
14212,0
15451,0
17426,0
15858,1
4720,1
18541,0
13886,0
5438,1
7641,0
18405,0
331,0
9893,0
18639,1
4537,0
4579,1
5651,1
2768,0
13286,0
6059,0
17707,1
2729,1
14367,1
8261,0
12880,0
3546,0
4790,0
